index,val
0,0
1,13
2,23
3,32
4,42
5,51
6,61
7,69
8,76
9,84
10,90
11,98
12,105
13,110
14,117
15,123
16,129
17,133
18,139
19,144
20,148
21,152
22,158
23,160
24,165
25,168
26,173
27,176
28,179
29,182
30,186
31,188
32,191
33,194
34,197
35,199
36,201
37,204
38,206
39,208
40,209
41,211
42,214
43,217
44,217
45,218
46,220
47,221
48,222
49,225
50,225
51,227
52,229
53,229
54,231
55,231
56,232
57,233
58,235
59,236
60,236
61,237
62,239
63,238
64,239
65,240
66,240
67,241
68,241
69,242
70,243
71,243
72,243
73,245
74,245
75,245
76,246
77,246
78,246
79,248
80,247
81,246
82,249
83,248
84,248
85,250
86,249
87,249
88,250
89,250
90,250
91,250
92,250
93,251
94,251
95,251
96,252
97,252
98,251
99,252
100,252
101,251
102,252
103,252
104,253
105,252
106,253
107,254
108,252
109,253
110,252
111,253
112,254
113,254
114,253
115,253
116,253
117,254
118,253
119,254
120,253
121,254
122,255
123,254
124,255
125,253
126,254
127,254
128,253
129,255
130,254
131,253
132,255
133,255
134,254
135,254
136,255
137,255
138,254
139,255
140,254
141,255
142,254
143,255
144,255
145,255
146,254
147,254
148,255
149,254
150,255
151,253
152,255
153,255
154,255
155,255
156,255
157,255
158,255
159,255
160,255
161,255
162,255
163,254
164,255
165,255
166,255
167,255
168,255
169,254
170,254
171,255
172,255
173,255
174,255
175,255
176,255
177,254
178,255
179,255
180,255
181,255
182,255
183,255
184,255
185,255
186,255
187,255
188,255
189,255
190,254
191,255
192,254
193,255
194,254
195,255
196,255
197,255
198,255
199,255
200,255
201,255
202,255
203,255
204,255
205,255
206,255
207,255
208,255
209,255
210,255
211,255
212,255
213,255
214,255
215,255
216,255
217,255
218,255
219,255
220,255
221,255
222,255
223,255
224,255
225,255
226,255
227,255
228,254
229,255
230,255
231,255
232,255
233,255
234,255
235,255
236,255
237,255
238,255
239,255
240,255
241,255
242,255
243,255
244,255
245,255
246,255
247,255
248,255
249,255
250,255
251,255
252,255
253,255
254,255
255,255
256,255
257,255
258,255
259,255
260,255
261,255
262,255
263,255
264,255
265,255
266,255
267,255
268,255
269,255
270,255
271,255
272,255
273,255
274,255
275,254
276,255
277,255
278,255
279,255
280,254
281,255
282,255
283,254
284,254
285,255
286,255
287,255
288,255
289,255
290,255
291,255
292,255
293,254
294,255
295,255
296,255
297,255
298,255
299,255
300,255
301,255
302,255
303,255
304,255
305,255
306,255
307,255
308,255
309,255
310,255
311,255
312,255
313,255
314,254
315,255
316,255
317,255
318,255
319,255
320,255
321,255
322,255
323,255
324,255
325,255
326,255
327,254
328,255
329,255
330,255
331,255
332,255
333,255
334,255
335,255
336,255
337,255
338,255
339,255
340,255
341,255
342,255
343,255
344,255
345,255
346,255
347,255
348,254
349,255
350,255
351,255
352,255
353,255
354,255
355,254
356,255
357,255
358,255
359,255
360,255
361,255
362,254
363,255
364,255
365,255
366,254
367,255
368,255
369,255
370,255
371,255
372,255
373,255
374,255
375,255
376,255
377,255
378,255
379,255
380,255
381,255
382,255
383,255
384,254
385,255
386,255
387,255
388,255
389,254
390,255
391,255
392,255
393,255
394,255
395,255
396,255
397,255
398,255
399,255
400,255
401,254
402,255
403,254
404,255
405,255
406,254
407,255
408,255
409,255
410,255
411,255
412,255
413,255
414,255
415,255
416,255
417,255
418,255
419,255
420,255
421,255
422,255
423,255
424,255
425,254
426,255
427,255
428,255
429,255
430,255
431,254
432,254
433,254
434,255
435,255
436,255
437,255
438,255
439,255
440,255
441,255
442,255
443,255
444,255
445,255
446,254
447,255
448,255
449,255
450,255
451,255
452,254
453,255
454,255
455,255
456,255
457,255
458,255
459,255
460,255
461,255
462,255
463,255
464,255
465,255
466,255
467,255
468,255
469,255
470,255
471,255
472,255
473,255
474,255
475,255
476,255
477,255
478,255
479,254
480,254
481,255
482,255
483,255
484,255
485,254
486,255
487,255
488,254
489,255
490,255
491,255
492,255
493,255
494,255
495,255
496,255
497,255
498,255
499,255
500,255
501,255
502,255
503,255
504,255
505,255
506,255
507,255
508,254
509,255
510,255
511,255
512,252
513,244
514,233
515,223
516,214
517,206
518,196
519,189
520,181
521,173
522,165
523,160
524,153
525,147
526,140
527,134
528,130
529,123
530,118
531,113
532,110
533,104
534,100
535,96
536,92
537,88
538,85
539,81
540,79
541,74
542,71
543,68
544,67
545,64
546,61
547,57
548,54
549,52
550,51
551,49
552,47
553,46
554,43
555,41
556,39
557,38
558,35
559,35
560,34
561,32
562,30
563,30
564,29
565,27
566,25
567,25
568,24
569,23
570,22
571,21
572,21
573,19
574,18
575,18
576,17
577,16
578,14
579,15
580,14
581,13
582,13
583,13
584,12
585,11
586,11
587,11
588,9
589,9
590,10
591,9
592,8
593,8
594,8
595,7
596,8
597,7
598,7
599,7
600,6
601,6
602,5
603,5
604,5
605,4
606,4
607,4
608,6
609,4
610,4
611,4
612,4
613,4
614,3
615,4
616,3
617,3
618,2
619,2
620,2
621,3
622,2
623,2
624,1
625,2
626,2
627,1
628,1
629,2
630,1
631,1
632,1
633,1
634,0
635,1
636,1
637,2
638,1
639,0
640,1
641,1
642,0
643,0
644,0
645,0
646,0
647,0
648,0
649,0
650,0
651,1
652,0
653,0
654,1
655,0
656,0
657,0
658,0
659,0
660,1
661,0
662,0
663,0
664,0
665,0
666,0
667,0
668,0
669,0
670,0
671,0
672,0
673,0
674,0
675,0
676,0
677,0
678,0
679,0
680,0
681,0
682,0
683,0
684,0
685,0
686,0
687,0
688,0
689,0
690,0
691,0
692,0
693,0
694,0
695,0
696,0
697,0
698,0
699,0
700,0
701,0
702,0
703,0
704,0
705,0
706,0
707,0
708,0
709,0
710,0
711,0
712,0
713,0
714,0
715,1
716,0
717,0
718,0
719,0
720,0
721,0
722,0
723,0
724,0
725,0
726,0
727,0
728,0
729,0
730,0
731,0
732,0
733,0
734,0
735,0
736,0
737,0
738,0
739,0
740,0
741,0
742,0
743,0
744,0
745,0
746,0
747,0
748,0
749,0
750,0
751,0
752,0
753,0
754,0
755,0
756,0
757,0
758,0
759,0
760,0
761,0
762,0
763,0
764,0
765,0
766,0
767,0
768,0
769,0
770,0
771,0
772,0
773,0
774,0
775,0
776,0
777,0
778,0
779,0
780,0
781,0
782,0
783,0
784,0
785,0
786,0
787,0
788,0
789,0
790,0
791,0
792,0
793,0
794,0
795,0
796,0
797,0
798,0
799,0
800,0
801,0
802,0
803,0
804,0
805,0
806,0
807,1
808,0
809,0
810,0
811,0
812,0
813,0
814,0
815,0
816,0
817,0
818,0
819,0
820,0
821,0
822,0
823,0
824,0
825,0
826,1
827,0
828,0
829,0
830,0
831,0
832,0
833,0
834,0
835,0
836,0
837,0
838,0
839,0
840,0
841,0
842,0
843,0
844,0
845,0
846,0
847,0
848,0
849,0
850,0
851,0
852,0
853,0
854,0
855,0
856,0
857,0
858,0
859,0
860,0
861,0
862,0
863,0
864,0
865,0
866,0
867,0
868,0
869,0
870,0
871,0
872,0
873,0
874,0
875,0
876,0
877,0
878,0
879,0
880,0
881,0
882,0
883,0
884,0
885,0
886,0
887,0
888,0
889,0
890,0
891,0
892,0
893,0
894,1
895,0
896,0
897,0
898,0
899,0
900,0
901,0
902,1
903,1
904,0
905,0
906,1
907,0
908,0
909,0
910,0
911,0
912,0
913,0
914,0
915,0
916,0
917,0
918,0
919,0
920,0
921,0
922,0
923,0
924,0
925,0
926,0
927,0
928,0
929,0
930,0
931,0
932,0
933,0
934,0
935,0
936,0
937,0
938,0
939,0
940,0
941,0
942,0
943,0
944,0
945,0
946,0
947,0
948,0
949,0
950,0
951,0
952,0
953,0
954,0
955,0
956,0
957,0
958,0
959,0
960,0
961,0
962,0
963,0
964,0
965,0
966,0
967,0
968,0
969,0
970,0
971,0
972,0
973,0
974,0
975,0
976,0
977,0
978,0
979,0
980,0
981,0
982,0
983,1
984,0
985,0
986,0
987,0
988,0
989,0
990,0
991,0
992,0
993,0
994,0
995,0
996,0
997,0
998,0
999,0
1000,0
1001,0
1002,0
1003,0
1004,0
1005,0
1006,0
1007,0
1008,0
1009,0
1010,0
1011,0
1012,0
1013,0
1014,0
1015,0
1016,0
1017,0
1018,0
1019,0
1020,0
1021,0
1022,0
1023,0
1024,3
1025,13
1026,23
1027,33
1028,43
1029,51
1030,60
1031,69
1032,76
1033,84
1034,90
1035,98
1036,104
1037,111
1038,117
1039,122
1040,128
1041,134
1042,139
1043,143
1044,148
1045,153
1046,158
1047,161
1048,165
1049,168
1050,172
1051,176
1052,179
1053,183
1054,186
1055,188
1056,192
1057,195
1058,195
1059,200
1060,202
1061,204
1062,206
1063,209
1064,210
1065,212
1066,214
1067,216
1068,217
1069,219
1070,221
1071,222
1072,223
1073,225
1074,225
1075,226
1076,228
1077,229
1078,231
1079,232
1080,232
1081,233
1082,234
1083,235
1084,237
1085,237
1086,238
1087,238
1088,239
1089,239
1090,240
1091,241
1092,242
1093,242
1094,243
1095,243
1096,243
1097,245
1098,244
1099,245
1100,245
1101,246
1102,247
1103,247
1104,247
1105,247
1106,248
1107,248
1108,248
1109,248
1110,249
1111,250
1112,249
1113,250
1114,251
1115,250
1116,250
1117,251
1118,251
1119,251
1120,251
1121,250
1122,252
1123,251
1124,252
1125,252
1126,252
1127,253
1128,253
1129,253
1130,253
1131,253
1132,253
1133,253
1134,253
1135,253
1136,253
1137,253
1138,253
1139,253
1140,253
1141,254
1142,253
1143,254
1144,254
1145,254
1146,254
1147,255
1148,254
1149,254
1150,254
1151,254
1152,254
1153,255
1154,255
1155,253
1156,255
1157,255
1158,254
1159,254
1160,255
1161,255
1162,255
1163,254
1164,255
1165,255
1166,255
1167,255
1168,254
1169,255
1170,255
1171,255
1172,255
1173,255
1174,255
1175,255
1176,255
1177,255
1178,255
1179,255
1180,255
1181,255
1182,255
1183,255
1184,255
1185,254
1186,254
1187,254
1188,255
1189,255
1190,254
1191,255
1192,255
1193,255
1194,255
1195,255
1196,255
1197,255
1198,255
1199,254
1200,255
1201,254
1202,255
1203,255
1204,254
1205,255
1206,255
1207,255
1208,254
1209,255
1210,255
1211,255
1212,254
1213,255
1214,255
1215,255
1216,255
1217,255
1218,255
1219,255
1220,255
1221,255
1222,255
1223,255
1224,255
1225,255
1226,255
1227,255
1228,255
1229,255
1230,255
1231,255
1232,255
1233,255
1234,255
1235,255
1236,255
1237,255
1238,255
1239,255
1240,255
1241,255
1242,255
1243,255
1244,255
1245,255
1246,255
1247,255
1248,255
1249,255
1250,255
1251,254
1252,255
1253,254
1254,255
1255,255
1256,255
1257,255
1258,255
1259,255
1260,255
1261,255
1262,255
1263,255
1264,255
1265,255
1266,255
1267,255
1268,254
1269,255
1270,255
1271,255
1272,255
1273,255
1274,255
1275,255
1276,255
1277,255
1278,255
1279,255
1280,255
1281,255
1282,255
1283,255
1284,255
1285,254
1286,255
1287,255
1288,255
1289,255
1290,255
1291,255
1292,255
1293,255
1294,255
1295,255
1296,255
1297,255
1298,255
1299,255
1300,255
1301,255
1302,255
1303,255
1304,255
1305,255
1306,255
1307,255
1308,255
1309,254
1310,255
1311,255
1312,255
1313,254
1314,255
1315,255
1316,255
1317,255
1318,255
1319,255
1320,255
1321,255
1322,255
1323,255
1324,255
1325,255
1326,255
1327,255
1328,255
1329,255
1330,255
1331,255
1332,255
1333,255
1334,255
1335,255
1336,255
1337,255
1338,255
1339,255
1340,255
1341,255
1342,255
1343,255
1344,255
1345,255
1346,255
1347,255
1348,255
1349,255
1350,255
1351,255
1352,254
1353,255
1354,255
1355,255
1356,255
1357,254
1358,255
1359,255
1360,255
1361,255
1362,255
1363,255
1364,255
1365,255
1366,254
1367,255
1368,255
1369,255
1370,255
1371,255
1372,255
1373,255
1374,255
1375,255
1376,255
1377,255
1378,255
1379,255
1380,255
1381,255
1382,255
1383,255
1384,255
1385,255
1386,255
1387,255
1388,255
1389,255
1390,255
1391,255
1392,255
1393,255
1394,255
1395,254
1396,254
1397,255
1398,255
1399,255
1400,255
1401,255
1402,255
1403,255
1404,255
1405,255
1406,255
1407,255
1408,255
1409,255
1410,255
1411,255
1412,255
1413,255
1414,255
1415,255
1416,255
1417,255
1418,255
1419,255
1420,255
1421,255
1422,255
1423,255
1424,255
1425,255
1426,255
1427,255
1428,255
1429,254
1430,255
1431,255
1432,255
1433,255
1434,255
1435,255
1436,255
1437,255
1438,254
1439,255
1440,255
1441,255
1442,255
1443,255
1444,255
1445,255
1446,255
1447,254
1448,255
1449,255
1450,255
1451,254
1452,255
1453,255
1454,255
1455,255
1456,255
1457,255
1458,255
1459,255
1460,255
1461,255
1462,255
1463,255
1464,255
1465,255
1466,254
1467,255
1468,255
1469,255
1470,255
1471,255
1472,255
1473,255
1474,255
1475,255
1476,255
1477,255
1478,255
1479,255
1480,255
1481,255
1482,255
1483,255
1484,255
1485,254
1486,255
1487,255
1488,255
1489,255
1490,255
1491,255
1492,255
1493,255
1494,255
1495,255
1496,255
1497,255
1498,255
1499,255
1500,255
1501,255
1502,255
1503,255
1504,255
1505,255
1506,255
1507,255
1508,255
1509,255
1510,255
1511,255
1512,254
1513,255
1514,255
1515,255
1516,255
1517,255
1518,255
1519,255
1520,255
1521,255
1522,255
1523,255
1524,255
1525,255
1526,255
1527,255
1528,255
1529,255
1530,255
1531,255
1532,254
1533,255
1534,255
1535,255
1536,253
1537,242
1538,233
1539,222
1540,214
1541,205
1542,196
1543,188
1544,181
1545,174
1546,165
1547,160
1548,153
1549,145
1550,139
1551,135
1552,130
1553,124
1554,120
1555,113
1556,109
1557,104
1558,101
1559,96
1560,92
1561,88
1562,84
1563,81
1564,78
1565,75
1566,72
1567,68
1568,66
1569,63
1570,60
1571,58
1572,54
1573,53
1574,52
1575,48
1576,47
1577,45
1578,43
1579,42
1580,40
1581,37
1582,36
1583,35
1584,34
1585,32
1586,30
1587,29
1588,28
1589,26
1590,26
1591,25
1592,24
1593,23
1594,21
1595,21
1596,21
1597,19
1598,18
1599,17
1600,17
1601,16
1602,16
1603,15
1604,13
1605,13
1606,13
1607,13
1608,13
1609,12
1610,11
1611,10
1612,9
1613,9
1614,9
1615,9
1616,9
1617,8
1618,8
1619,7
1620,7
1621,6
1622,7
1623,5
1624,6
1625,5
1626,5
1627,5
1628,4
1629,5
1630,4
1631,4
1632,3
1633,4
1634,3
1635,3
1636,4
1637,3
1638,3
1639,3
1640,3
1641,3
1642,1
1643,2
1644,2
1645,2
1646,2
1647,2
1648,2
1649,1
1650,2
1651,1
1652,2
1653,2
1654,0
1655,2
1656,1
1657,2
1658,0
1659,1
1660,1
1661,1
1662,0
1663,0
1664,0
1665,0
1666,0
1667,1
1668,1
1669,1
1670,0
1671,0
1672,0
1673,0
1674,0
1675,1
1676,1
1677,0
1678,0
1679,1
1680,0
1681,0
1682,0
1683,0
1684,0
1685,0
1686,0
1687,0
1688,0
1689,0
1690,0
1691,0
1692,0
1693,0
1694,0
1695,0
1696,0
1697,0
1698,0
1699,0
1700,0
1701,0
1702,0
1703,0
1704,0
1705,0
1706,0
1707,0
1708,0
1709,0
1710,0
1711,0
1712,0
1713,0
1714,0
1715,0
1716,0
1717,0
1718,0
1719,0
1720,0
1721,0
1722,0
1723,0
1724,0
1725,0
1726,0
1727,0
1728,0
1729,0
1730,0
1731,0
1732,0
1733,0
1734,0
1735,0
1736,0
1737,0
1738,1
1739,0
1740,0
1741,0
1742,0
1743,0
1744,0
1745,0
1746,1
1747,0
1748,0
1749,0
1750,0
1751,0
1752,0
1753,0
1754,0
1755,0
1756,0
1757,0
1758,0
1759,0
1760,0
1761,0
1762,0
1763,0
1764,0
1765,0
1766,0
1767,0
1768,0
1769,0
1770,0
1771,0
1772,0
1773,0
1774,0
1775,0
1776,0
1777,0
1778,0
1779,0
1780,0
1781,0
1782,0
1783,0
1784,0
1785,0
1786,0
1787,0
1788,0
1789,0
1790,0
1791,0
1792,0
1793,0
1794,0
1795,0
1796,0
1797,0
1798,0
1799,0
1800,0
1801,0
1802,0
1803,0
1804,0
1805,0
1806,0
1807,0
1808,0
1809,0
1810,0
1811,0
1812,0
1813,0
1814,0
1815,0
1816,0
1817,0
1818,0
1819,0
1820,0
1821,0
1822,0
1823,0
1824,0
1825,0
1826,0
1827,1
1828,0
1829,0
1830,0
1831,0
1832,0
1833,0
1834,0
1835,0
1836,0
1837,1
1838,0
1839,0
1840,0
1841,0
1842,0
1843,0
1844,0
1845,0
1846,0
1847,0
1848,0
1849,0
1850,0
1851,0
1852,0
1853,0
1854,0
1855,0
1856,0
1857,0
1858,0
1859,0
1860,0
1861,0
1862,0
1863,0
1864,0
1865,0
1866,0
1867,0
1868,0
1869,0
1870,0
1871,0
1872,0
1873,0
1874,0
1875,0
1876,0
1877,0
1878,0
1879,0
1880,0
1881,0
1882,0
1883,0
1884,0
1885,0
1886,0
1887,0
1888,0
1889,0
1890,0
1891,0
1892,0
1893,0
1894,0
1895,0
1896,0
1897,0
1898,0
1899,0
1900,0
1901,0
1902,0
1903,0
1904,0
1905,0
1906,0
1907,0
1908,0
1909,0
1910,0
1911,0
1912,0
1913,0
1914,0
1915,0
1916,0
1917,0
1918,1
1919,0
1920,0
1921,0
1922,0
1923,0
1924,0
1925,0
1926,0
1927,0
1928,0
1929,0
1930,0
1931,0
1932,0
1933,0
1934,0
1935,0
1936,0
1937,0
1938,0
1939,0
1940,0
1941,0
1942,0
1943,0
1944,0
1945,0
1946,0
1947,0
1948,0
1949,0
1950,0
1951,0
1952,0
1953,0
1954,0
1955,0
1956,0
1957,0
1958,0
1959,0
1960,0
1961,0
1962,0
1963,0
1964,0
1965,0
1966,0
1967,0
1968,0
1969,0
1970,0
1971,0
1972,0
1973,0
1974,0
1975,0
1976,0
1977,0
1978,0
1979,0
1980,0
1981,0
1982,0
1983,0
1984,0
1985,0
1986,0
1987,0
1988,0
1989,1
1990,0
1991,0
1992,0
1993,0
1994,0
1995,0
1996,0
1997,0
1998,0
1999,0
2000,0
2001,0
2002,0
2003,0
2004,0
2005,0
2006,0
2007,0
2008,0
2009,0
2010,0
2011,0
2012,0
2013,0
2014,0
2015,0
2016,0
2017,0
2018,0
2019,0
2020,0
2021,0
2022,0
2023,0
2024,0
2025,0
2026,0
2027,0
2028,0
2029,0
2030,0
2031,0
2032,0
2033,0
2034,0
2035,0
2036,0
2037,0
2038,0
2039,0
2040,0
2041,0
2042,0
2043,0
2044,0
2045,0
2046,0
2047,0
2048,3
2049,13
2050,23
2051,33
2052,43
2053,51
2054,59
2055,68
2056,76
2057,83
2058,91
2059,98
2060,104
2061,111
2062,116
2063,122
2064,128
2065,133
2066,139
2067,144
2068,149
2069,153
2070,157
2071,161
2072,164
2073,169
2074,173
2075,176
2076,179
2077,182
2078,185
2079,189
2080,191
2081,195
2082,197
2083,200
2084,202
2085,204
2086,205
2087,208
2088,209
2089,212
2090,214
2091,214
2092,216
2093,218
2094,220
2095,222
2096,222
2097,225
2098,227
2099,227
2100,228
2101,230
2102,230
2103,231
2104,233
2105,233
2106,236
2107,236
2108,237
2109,237
2110,239
2111,238
2112,239
2113,239
2114,240
2115,240
2116,241
2117,242
2118,243
2119,243
2120,244
2121,245
2122,245
2123,244
2124,246
2125,246
2126,245
2127,248
2128,247
2129,248
2130,248
2131,248
2132,249
2133,249
2134,248
2135,249
2136,250
2137,249
2138,250
2139,250
2140,250
2141,251
2142,252
2143,251
2144,251
2145,251
2146,253
2147,251
2148,252
2149,253
2150,252
2151,252
2152,253
2153,252
2154,252
2155,253
2156,251
2157,253
2158,253
2159,253
2160,253
2161,254
2162,254
2163,253
2164,253
2165,254
2166,253
2167,253
2168,254
2169,254
2170,254
2171,254
2172,254
2173,254
2174,254
2175,254
2176,253
2177,254
2178,254
2179,254
2180,254
2181,254
2182,254
2183,255
2184,255
2185,255
2186,254
2187,255
2188,255
2189,255
2190,255
2191,254
2192,254
2193,255
2194,255
2195,255
2196,255
2197,255
2198,255
2199,254
2200,255
2201,255
2202,255
2203,255
2204,255
2205,254
2206,255
2207,255
2208,255
2209,255
2210,255
2211,255
2212,255
2213,255
2214,255
2215,255
2216,255
2217,255
2218,255
2219,255
2220,255
2221,255
2222,255
2223,255
2224,255
2225,254
2226,255
2227,255
2228,254
2229,255
2230,255
2231,255
2232,255
2233,254
2234,255
2235,255
2236,255
2237,254
2238,255
2239,255
2240,255
2241,255
2242,255
2243,255
2244,255
2245,255
2246,255
2247,255
2248,254
2249,255
2250,255
2251,255
2252,255
2253,255
2254,255
2255,255
2256,255
2257,255
2258,255
2259,255
2260,255
2261,255
2262,255
2263,255
2264,255
2265,255
2266,255
2267,255
2268,254
2269,255
2270,255
2271,255
2272,255
2273,255
2274,255
2275,255
2276,255
2277,255
2278,255
2279,255
2280,255
2281,255
2282,255
2283,255
2284,255
2285,255
2286,254
2287,255
2288,255
2289,255
2290,255
2291,254
2292,255
2293,255
2294,255
2295,255
2296,255
2297,255
2298,255
2299,255
2300,255
2301,255
2302,255
2303,255
2304,255
2305,255
2306,255
2307,255
2308,255
2309,255
2310,255
2311,255
2312,254
2313,255
2314,255
2315,255
2316,255
2317,255
2318,254
2319,255
2320,255
2321,255
2322,255
2323,255
2324,255
2325,255
2326,255
2327,255
2328,255
2329,255
2330,255
2331,254
2332,255
2333,255
2334,255
2335,255
2336,255
2337,255
2338,255
2339,255
2340,255
2341,255
2342,255
2343,255
2344,255
2345,255
2346,255
2347,255
2348,255
2349,255
2350,255
2351,255
2352,255
2353,255
2354,255
2355,255
2356,255
2357,255
2358,255
2359,255
2360,255
2361,255
2362,255
2363,255
2364,255
2365,255
2366,254
2367,255
2368,255
2369,255
2370,255
2371,255
2372,255
2373,255
2374,255
2375,255
2376,255
2377,255
2378,255
2379,255
2380,255
2381,255
2382,255
2383,255
2384,255
2385,255
2386,255
2387,255
2388,254
2389,255
2390,255
2391,254
2392,255
2393,255
2394,255
2395,255
2396,255
2397,255
2398,255
2399,255
2400,255
2401,255
2402,255
2403,255
2404,255
2405,255
2406,255
2407,255
2408,255
2409,255
2410,254
2411,255
2412,255
2413,255
2414,255
2415,254
2416,255
2417,255
2418,255
2419,255
2420,255
2421,255
2422,255
2423,255
2424,255
2425,255
2426,255
2427,255
2428,255
2429,255
2430,255
2431,255
2432,255
2433,255
2434,255
2435,255
2436,255
2437,255
2438,255
2439,255
2440,255
2441,255
2442,255
2443,255
2444,255
2445,254
2446,255
2447,255
2448,255
2449,255
2450,254
2451,255
2452,255
2453,255
2454,255
2455,255
2456,255
2457,255
2458,255
2459,255
2460,255
2461,255
2462,255
2463,255
2464,255
2465,255
2466,255
2467,255
2468,254
2469,255
2470,255
2471,255
2472,255
2473,255
2474,255
2475,255
2476,255
2477,255
2478,255
2479,255
2480,255
2481,255
2482,255
2483,255
2484,255
2485,255
2486,255
2487,255
2488,255
2489,254
2490,255
2491,255
2492,255
2493,255
2494,255
2495,255
2496,255
2497,255
2498,255
2499,254
2500,255
2501,255
2502,255
2503,255
2504,255
2505,255
2506,255
2507,255
2508,255
2509,255
2510,255
2511,254
2512,254
2513,254
2514,255
2515,255
2516,255
2517,255
2518,255
2519,254
2520,255
2521,255
2522,255
2523,255
2524,255
2525,255
2526,255
2527,255
2528,255
2529,255
2530,255
2531,255
2532,255
2533,255
2534,255
2535,255
2536,255
2537,255
2538,254
2539,255
2540,255
2541,255
2542,255
2543,255
2544,255
2545,255
2546,255
2547,255
2548,254
2549,255
2550,255
2551,254
2552,255
2553,254
2554,255
2555,255
2556,255
2557,255
2558,255
2559,255
2560,254
2561,243
2562,233
2563,223
2564,214
2565,205
2566,196
2567,189
2568,180
2569,174
2570,166
2571,160
2572,153
2573,146
2574,141
2575,135
2576,130
2577,124
2578,119
2579,114
2580,109
2581,104
2582,100
2583,96
2584,92
2585,89
2586,85
2587,81
2588,77
2589,75
2590,71
2591,69
2592,65
2593,63
2594,61
2595,57
2596,55
2597,53
2598,51
2599,50
2600,46
2601,45
2602,43
2603,41
2604,40
2605,38
2606,37
2607,35
2608,33
2609,32
2610,30
2611,29
2612,28
2613,27
2614,25
2615,25
2616,24
2617,22
2618,21
2619,20
2620,19
2621,19
2622,18
2623,18
2624,17
2625,16
2626,15
2627,15
2628,14
2629,13
2630,13
2631,13
2632,12
2633,11
2634,11
2635,10
2636,10
2637,10
2638,9
2639,9
2640,8
2641,9
2642,7
2643,7
2644,6
2645,7
2646,7
2647,5
2648,5
2649,6
2650,5
2651,5
2652,4
2653,5
2654,5
2655,5
2656,4
2657,4
2658,3
2659,4
2660,3
2661,3
2662,2
2663,3
2664,3
2665,3
2666,2
2667,3
2668,2
2669,1
2670,3
2671,2
2672,2
2673,1
2674,1
2675,2
2676,2
2677,2
2678,2
2679,2
2680,2
2681,1
2682,0
2683,1
2684,2
2685,1
2686,0
2687,1
2688,1
2689,0
2690,1
2691,1
2692,0
2693,0
2694,1
2695,0
2696,1
2697,0
2698,1
2699,0
2700,0
2701,1
2702,0
2703,0
2704,1
2705,0
2706,0
2707,0
2708,0
2709,0
2710,1
2711,0
2712,0
2713,0
2714,1
2715,0
2716,0
2717,0
2718,0
2719,0
2720,0
2721,0
2722,0
2723,0
2724,0
2725,0
2726,0
2727,0
2728,0
2729,0
2730,0
2731,0
2732,0
2733,0
2734,0
2735,0
2736,0
2737,0
2738,0
2739,0
2740,0
2741,0
2742,0
2743,0
2744,0
2745,0
2746,0
2747,0
2748,0
2749,0
2750,0
2751,0
2752,0
2753,0
2754,0
2755,0
2756,0
2757,0
2758,0
2759,0
2760,0
2761,0
2762,0
2763,0
2764,0
2765,0
2766,0
2767,0
2768,0
2769,0
2770,0
2771,0
2772,0
2773,0
2774,0
2775,0
2776,0
2777,0
2778,0
2779,0
2780,0
2781,0
2782,0
2783,0
2784,0
2785,0
2786,0
2787,0
2788,0
2789,0
2790,0
2791,0
2792,0
2793,0
2794,0
2795,0
2796,0
2797,0
2798,0
2799,0
2800,0
2801,0
2802,0
2803,0
2804,0
2805,0
2806,0
2807,0
2808,0
2809,0
2810,0
2811,0
2812,0
2813,0
2814,0
2815,0
2816,0
2817,0
2818,0
2819,0
2820,0
2821,0
2822,0
2823,0
2824,0
2825,0
2826,0
2827,0
2828,0
2829,0
2830,0
2831,0
2832,0
2833,0
2834,0
2835,0
2836,0
2837,0
2838,0
2839,0
2840,0
2841,0
2842,0
2843,0
2844,0
2845,0
2846,0
2847,0
2848,0
2849,0
2850,0
2851,0
2852,0
2853,0
2854,0
2855,0
2856,0
2857,0
2858,0
2859,0
2860,1
2861,0
2862,0
2863,0
2864,0
2865,0
2866,0
2867,0
2868,0
2869,0
2870,0
2871,0
2872,0
2873,0
2874,0
2875,0
2876,0
2877,0
2878,0
2879,0
2880,0
2881,0
2882,0
2883,0
2884,0
2885,0
2886,0
2887,0
2888,0
2889,0
2890,0
2891,0
2892,0
2893,0
2894,0
2895,0
2896,0
2897,0
2898,0
2899,0
2900,0
2901,0
2902,0
2903,0
2904,0
2905,0
2906,0
2907,0
2908,0
2909,0
2910,0
2911,0
2912,1
2913,0
2914,0
2915,0
2916,0
2917,0
2918,0
2919,0
2920,0
2921,0
2922,0
2923,1
2924,0
2925,0
2926,0
2927,0
2928,0
2929,0
2930,0
2931,0
2932,0
2933,0
2934,0
2935,0
2936,0
2937,0
2938,0
2939,0
2940,0
2941,0
2942,0
2943,0
2944,0
2945,0
2946,0
2947,0
2948,0
2949,0
2950,0
2951,0
2952,0
2953,0
2954,0
2955,0
2956,0
2957,0
2958,0
2959,0
2960,0
2961,0
2962,0
2963,0
2964,0
2965,0
2966,0
2967,0
2968,0
2969,0
2970,0
2971,0
2972,0
2973,0
2974,0
2975,0
2976,0
2977,0
2978,0
2979,0
2980,0
2981,0
2982,0
2983,0
2984,0
2985,0
2986,0
2987,0
2988,0
2989,0
2990,0
2991,0
2992,0
2993,0
2994,0
2995,0
2996,1
2997,0
2998,0
2999,0
3000,0
3001,0
3002,1
3003,0
3004,0
3005,0
3006,0
3007,0
3008,0
3009,0
3010,0
3011,1
3012,0
3013,0
3014,0
3015,0
3016,0
3017,0
3018,0
3019,0
3020,0
3021,0
3022,0
3023,0
3024,0
3025,0
3026,0
3027,0
3028,0
3029,0
3030,0
3031,0
3032,0
3033,0
3034,0
3035,0
3036,0
3037,0
3038,0
3039,0
3040,0
3041,0
3042,0
3043,0
3044,0
3045,0
3046,0
3047,0
3048,0
3049,0
3050,0
3051,0
3052,0
3053,0
3054,0
3055,0
3056,0
3057,0
3058,0
3059,0
3060,0
3061,0
3062,0
3063,0
3064,0
3065,0
3066,0
3067,0
3068,0
3069,0
3070,0
3071,0
3072,2
3073,12
3074,23
3075,34
3076,42
3077,51
3078,61
3079,69
3080,76
3081,83
3082,89
3083,98
3084,104
3085,111
3086,117
3087,122
3088,128
3089,134
3090,139
3091,143
3092,149
3093,153
3094,158
3095,161
3096,165
3097,170
3098,172
3099,176
3100,179
3101,182
3102,186
3103,188
3104,191
3105,194
3106,196
3107,200
3108,201
3109,203
3110,206
3111,208
3112,210
3113,211
3114,214
3115,216
3116,217
3117,219
3118,221
3119,222
3120,223
3121,225
3122,225
3123,227
3124,229
3125,230
3126,230
3127,231
3128,232
3129,233
3130,234
3131,235
3132,236
3133,237
3134,238
3135,239
3136,240
3137,240
3138,241
3139,242
3140,242
3141,242
3142,242
3143,244
3144,244
3145,244
3146,244
3147,245
3148,246
3149,245
3150,247
3151,247
3152,247
3153,247
3154,248
3155,248
3156,248
3157,249
3158,249
3159,249
3160,250
3161,249
3162,249
3163,250
3164,250
3165,250
3166,252
3167,250
3168,252
3169,251
3170,251
3171,252
3172,251
3173,252
3174,252
3175,252
3176,252
3177,253
3178,253
3179,252
3180,252
3181,253
3182,253
3183,253
3184,252
3185,253
3186,253
3187,254
3188,254
3189,253
3190,254
3191,254
3192,255
3193,254
3194,254
3195,255
3196,254
3197,254
3198,254
3199,254
3200,254
3201,254
3202,254
3203,254
3204,254
3205,254
3206,255
3207,254
3208,255
3209,254
3210,255
3211,255
3212,255
3213,255
3214,255
3215,254
3216,255
3217,255
3218,255
3219,255
3220,255
3221,254
3222,255
3223,254
3224,254
3225,255
3226,255
3227,254
3228,255
3229,255
3230,255
3231,255
3232,255
3233,254
3234,255
3235,254
3236,255
3237,255
3238,255
3239,255
3240,255
3241,255
3242,255
3243,255
3244,255
3245,254
3246,254
3247,255
3248,254
3249,255
3250,254
3251,255
3252,255
3253,255
3254,255
3255,255
3256,255
3257,255
3258,255
3259,255
3260,255
3261,255
3262,255
3263,255
3264,255
3265,255
3266,255
3267,255
3268,255
3269,255
3270,255
3271,255
3272,255
3273,255
3274,255
3275,255
3276,255
3277,254
3278,255
3279,255
3280,254
3281,255
3282,255
3283,255
3284,255
3285,254
3286,255
3287,254
3288,255
3289,255
3290,255
3291,255
3292,254
3293,255
3294,255
3295,255
3296,255
3297,255
3298,255
3299,255
3300,254
3301,255
3302,255
3303,255
3304,255
3305,255
3306,254
3307,255
3308,255
3309,255
3310,255
3311,255
3312,255
3313,255
3314,255
3315,255
3316,255
3317,255
3318,255
3319,255
3320,255
3321,255
3322,255
3323,255
3324,254
3325,255
3326,255
3327,255
3328,255
3329,255
3330,254
3331,255
3332,255
3333,255
3334,255
3335,255
3336,255
3337,255
3338,255
3339,255
3340,255
3341,255
3342,255
3343,255
3344,255
3345,254
3346,255
3347,255
3348,255
3349,255
3350,255
3351,254
3352,255
3353,255
3354,255
3355,255
3356,255
3357,255
3358,255
3359,255
3360,255
3361,255
3362,255
3363,255
3364,255
3365,255
3366,255
3367,255
3368,255
3369,255
3370,255
3371,255
3372,255
3373,254
3374,255
3375,255
3376,255
3377,255
3378,255
3379,254
3380,255
3381,255
3382,255
3383,255
3384,255
3385,254
3386,255
3387,255
3388,255
3389,255
3390,255
3391,255
3392,255
3393,255
3394,254
3395,255
3396,255
3397,255
3398,255
3399,255
3400,255
3401,255
3402,255
3403,255
3404,255
3405,255
3406,255
3407,255
3408,255
3409,255
3410,255
3411,255
3412,255
3413,255
3414,255
3415,255
3416,255
3417,255
3418,255
3419,255
3420,255
3421,255
3422,254
3423,255
3424,255
3425,255
3426,255
3427,255
3428,255
3429,255
3430,255
3431,255
3432,255
3433,255
3434,254
3435,255
3436,255
3437,255
3438,255
3439,255
3440,255
3441,255
3442,255
3443,255
3444,254
3445,255
3446,255
3447,255
3448,255
3449,255
3450,255
3451,255
3452,255
3453,255
3454,255
3455,255
3456,255
3457,255
3458,255
3459,254
3460,254
3461,255
3462,255
3463,254
3464,255
3465,255
3466,255
3467,255
3468,255
3469,255
3470,255
3471,255
3472,255
3473,255
3474,255
3475,255
3476,255
3477,255
3478,255
3479,255
3480,255
3481,255
3482,255
3483,254
3484,255
3485,255
3486,255
3487,255
3488,255
3489,255
3490,255
3491,255
3492,255
3493,255
3494,255
3495,255
3496,255
3497,255
3498,255
3499,255
3500,255
3501,255
3502,255
3503,255
3504,255
3505,255
3506,254
3507,255
3508,255
3509,255
3510,255
3511,255
3512,254
3513,255
3514,255
3515,255
3516,255
3517,255
3518,254
3519,255
3520,255
3521,255
3522,255
3523,255
3524,254
3525,255
3526,254
3527,255
3528,255
3529,254
3530,255
3531,255
3532,255
3533,255
3534,255
3535,255
3536,255
3537,255
3538,255
3539,254
3540,255
3541,255
3542,255
3543,255
3544,255
3545,255
3546,255
3547,255
3548,255
3549,255
3550,255
3551,255
3552,255
3553,255
3554,255
3555,255
3556,255
3557,255
3558,255
3559,255
3560,255
3561,255
3562,255
3563,255
3564,255
3565,254
3566,255
3567,255
3568,255
3569,255
3570,255
3571,255
3572,255
3573,255
3574,255
3575,255
3576,255
3577,255
3578,254
3579,255
3580,255
3581,255
3582,255
3583,255
3584,254
3585,243
3586,232
3587,223
3588,214
3589,205
3590,197
3591,189
3592,181
3593,173
3594,166
3595,159
3596,153
3597,147
3598,140
3599,133
3600,129
3601,124
3602,118
3603,114
3604,109
3605,105
3606,99
3607,96
3608,92
3609,88
3610,83
3611,81
3612,78
3613,74
3614,72
3615,70
3616,65
3617,62
3618,60
3619,58
3620,56
3621,53
3622,51
3623,49
3624,47
3625,45
3626,43
3627,41
3628,40
3629,38
3630,36
3631,36
3632,33
3633,32
3634,30
3635,30
3636,28
3637,27
3638,27
3639,24
3640,24
3641,23
3642,21
3643,21
3644,20
3645,19
3646,18
3647,18
3648,18
3649,17
3650,15
3651,15
3652,15
3653,13
3654,13
3655,13
3656,12
3657,12
3658,11
3659,10
3660,10
3661,9
3662,9
3663,9
3664,9
3665,7
3666,8
3667,8
3668,6
3669,8
3670,6
3671,6
3672,6
3673,5
3674,6
3675,5
3676,4
3677,5
3678,4
3679,4
3680,5
3681,4
3682,3
3683,3
3684,3
3685,3
3686,3
3687,3
3688,3
3689,2
3690,2
3691,2
3692,3
3693,2
3694,2
3695,1
3696,2
3697,2
3698,2
3699,2
3700,1
3701,2
3702,1
3703,0
3704,1
3705,1
3706,0
3707,2
3708,1
3709,1
3710,1
3711,0
3712,0
3713,0
3714,0
3715,0
3716,1
3717,1
3718,0
3719,1
3720,0
3721,0
3722,0
3723,1
3724,0
3725,1
3726,0
3727,0
3728,1
3729,1
3730,0
3731,0
3732,0
3733,0
3734,0
3735,0
3736,0
3737,0
3738,0
3739,0
3740,0
3741,0
3742,0
3743,1
3744,0
3745,1
3746,0
3747,0
3748,0
3749,0
3750,0
3751,0
3752,0
3753,0
3754,0
3755,0
3756,0
3757,0
3758,0
3759,0
3760,0
3761,0
3762,0
3763,0
3764,0
3765,0
3766,0
3767,0
3768,1
3769,0
3770,0
3771,0
3772,0
3773,0
3774,0
3775,0
3776,0
3777,1
3778,0
3779,0
3780,0
3781,0
3782,0
3783,0
3784,0
3785,0
3786,0
3787,0
3788,0
3789,0
3790,0
3791,0
3792,0
3793,0
3794,0
3795,0
3796,0
3797,0
3798,0
3799,0
3800,0
3801,0
3802,0
3803,0
3804,0
3805,0
3806,0
3807,0
3808,0
3809,0
3810,0
3811,0
3812,0
3813,0
3814,0
3815,0
3816,0
3817,0
3818,0
3819,0
3820,0
3821,0
3822,0
3823,0
3824,0
3825,0
3826,0
3827,0
3828,0
3829,0
3830,0
3831,0
3832,0
3833,0
3834,0
3835,0
3836,0
3837,1
3838,1
3839,0
3840,0
3841,0
3842,0
3843,0
3844,0
3845,0
3846,0
3847,0
3848,0
3849,0
3850,0
3851,0
3852,0
3853,0
3854,0
3855,0
3856,0
3857,0
3858,0
3859,0
3860,0
3861,0
3862,0
3863,0
3864,0
3865,0
3866,0
3867,0
3868,0
3869,0
3870,0
3871,0
3872,0
3873,0
3874,0
3875,0
3876,0
3877,0
3878,0
3879,0
3880,0
3881,0
3882,0
3883,0
3884,0
3885,0
3886,0
3887,0
3888,0
3889,0
3890,0
3891,0
3892,0
3893,0
3894,0
3895,0
3896,0
3897,0
3898,0
3899,0
3900,0
3901,0
3902,0
3903,0
3904,0
3905,0
3906,0
3907,0
3908,0
3909,0
3910,0
3911,0
3912,0
3913,0
3914,0
3915,0
3916,0
3917,1
3918,0
3919,0
3920,0
3921,0
3922,0
3923,0
3924,0
3925,0
3926,0
3927,0
3928,0
3929,0
3930,0
3931,0
3932,0
3933,0
3934,0
3935,0
3936,0
3937,0
3938,0
3939,0
3940,0
3941,0
3942,0
3943,0
3944,0
3945,0
3946,0
3947,0
3948,0
3949,0
3950,0
3951,0
3952,0
3953,0
3954,0
3955,0
3956,0
3957,0
3958,0
3959,0
3960,0
3961,1
3962,0
3963,0
3964,0
3965,0
3966,0
3967,0
3968,0
3969,0
3970,0
3971,0
3972,0
3973,0
3974,0
3975,0
3976,0
3977,0
3978,0
3979,0
3980,1
3981,0
3982,0
3983,0
3984,0
3985,0
3986,0
3987,0
3988,0
3989,0
3990,0
3991,0
3992,0
3993,0
3994,0
3995,0
3996,0
3997,0
3998,0
3999,0
4000,0
4001,0
4002,0
4003,0
4004,0
4005,0
4006,0
4007,0
4008,0
4009,0
4010,0
4011,0
4012,0
4013,0
4014,0
4015,0
4016,0
4017,0
4018,0
4019,0
4020,0
4021,0
4022,0
4023,0
4024,0
4025,0
4026,0
4027,0
4028,0
4029,0
4030,0
4031,0
4032,0
4033,0
4034,0
4035,0
4036,0
4037,0
4038,0
4039,0
4040,0
4041,0
4042,0
4043,0
4044,0
4045,1
4046,0
4047,0
4048,0
4049,0
4050,0
4051,0
4052,1
4053,0
4054,0
4055,0
4056,0
4057,0
4058,0
4059,0
4060,0
4061,0
4062,0
4063,0
4064,0
4065,0
4066,0
4067,0
4068,0
4069,0
4070,0
4071,0
4072,0
4073,0
4074,0
4075,0
4076,0
4077,0
4078,0
4079,0
4080,0
4081,0
4082,0
4083,0
4084,0
4085,0
4086,0
4087,0
4088,0
4089,0
4090,0
4091,0
4092,0
4093,0
4094,0
4095,0
4096,2
4097,14
4098,23
4099,33
4100,43
4101,52
4102,60
4103,68
4104,75
4105,85
4106,91
4107,97
4108,104
4109,111
4110,116
4111,122
4112,127
4113,134
4114,138
4115,143
4116,148
4117,154
4118,158
4119,160
4120,165
4121,170
4122,171
4123,176
4124,179
4125,182
4126,186
4127,188
4128,192
4129,195
4130,197
4131,199
4132,201
4133,204
4134,205
4135,208
4136,210
4137,212
4138,214
4139,216
4140,218
4141,219
4142,220
4143,221
4144,224
4145,225
4146,225
4147,226
4148,228
4149,228
4150,231
4151,231
4152,233
4153,234
4154,235
4155,235
4156,236
4157,236
4158,238
4159,238
4160,239
4161,240
4162,241
4163,241
4164,242
4165,242
4166,243
4167,243
4168,244
4169,245
4170,245
4171,245
4172,245
4173,247
4174,245
4175,247
4176,246
4177,248
4178,248
4179,248
4180,248
4181,250
4182,249
4183,250
4184,249
4185,249
4186,249
4187,250
4188,251
4189,250
4190,250
4191,252
4192,251
4193,251
4194,252
4195,252
4196,252
4197,251
4198,252
4199,253
4200,251
4201,252
4202,253
4203,254
4204,253
4205,253
4206,253
4207,252
4208,254
4209,253
4210,254
4211,253
4212,254
4213,254
4214,254
4215,254
4216,254
4217,254
4218,254
4219,254
4220,253
4221,254
4222,254
4223,254
4224,255
4225,254
4226,255
4227,255
4228,255
4229,255
4230,255
4231,255
4232,255
4233,255
4234,254
4235,255
4236,255
4237,254
4238,255
4239,255
4240,255
4241,254
4242,254
4243,255
4244,254
4245,253
4246,255
4247,255
4248,254
4249,255
4250,255
4251,255
4252,255
4253,254
4254,255
4255,254
4256,254
4257,255
4258,255
4259,255
4260,255
4261,255
4262,255
4263,255
4264,255
4265,255
4266,255
4267,255
4268,255
4269,255
4270,255
4271,255
4272,255
4273,255
4274,255
4275,255
4276,255
4277,255
4278,255
4279,255
4280,255
4281,254
4282,255
4283,255
4284,255
4285,255
4286,255
4287,255
4288,255
4289,255
4290,255
4291,255
4292,255
4293,255
4294,255
4295,254
4296,255
4297,255
4298,255
4299,255
4300,255
4301,255
4302,255
4303,255
4304,255
4305,254
4306,254
4307,255
4308,255
4309,255
4310,255
4311,255
4312,255
4313,255
4314,255
4315,255
4316,255
4317,255
4318,255
4319,255
4320,255
4321,255
4322,254
4323,255
4324,255
4325,255
4326,254
4327,255
4328,255
4329,255
4330,255
4331,255
4332,255
4333,255
4334,255
4335,254
4336,254
4337,255
4338,255
4339,255
4340,255
4341,255
4342,255
4343,254
4344,255
4345,255
4346,255
4347,255
4348,255
4349,255
4350,254
4351,255
4352,255
4353,255
4354,255
4355,255
4356,254
4357,255
4358,255
4359,255
4360,255
4361,255
4362,255
4363,255
4364,255
4365,255
4366,255
4367,255
4368,255
4369,254
4370,255
4371,255
4372,255
4373,255
4374,255
4375,255
4376,254
4377,255
4378,255
4379,255
4380,255
4381,255
4382,254
4383,255
4384,255
4385,255
4386,255
4387,255
4388,255
4389,255
4390,255
4391,255
4392,255
4393,255
4394,254
4395,254
4396,255
4397,255
4398,254
4399,255
4400,254
4401,255
4402,255
4403,255
4404,255
4405,255
4406,255
4407,254
4408,255
4409,255
4410,255
4411,255
4412,255
4413,255
4414,255
4415,255
4416,255
4417,254
4418,255
4419,255
4420,255
4421,255
4422,255
4423,255
4424,255
4425,255
4426,255
4427,255
4428,255
4429,255
4430,255
4431,255
4432,255
4433,255
4434,255
4435,255
4436,255
4437,255
4438,255
4439,255
4440,255
4441,255
4442,255
4443,255
4444,255
4445,255
4446,255
4447,255
4448,255
4449,255
4450,255
4451,255
4452,255
4453,255
4454,255
4455,254
4456,255
4457,255
4458,255
4459,255
4460,255
4461,255
4462,255
4463,255
4464,254
4465,255
4466,255
4467,255
4468,255
4469,255
4470,255
4471,255
4472,254
4473,255
4474,255
4475,255
4476,254
4477,255
4478,255
4479,255
4480,255
4481,255
4482,255
4483,255
4484,254
4485,254
4486,255
4487,255
4488,255
4489,255
4490,255
4491,255
4492,255
4493,255
4494,255
4495,255
4496,255
4497,255
4498,255
4499,255
4500,255
4501,255
4502,255
4503,255
4504,255
4505,255
4506,255
4507,255
4508,255
4509,255
4510,255
4511,255
4512,255
4513,254
4514,255
4515,255
4516,255
4517,254
4518,255
4519,255
4520,255
4521,255
4522,254
4523,255
4524,255
4525,255
4526,255
4527,255
4528,255
4529,255
4530,255
4531,255
4532,255
4533,255
4534,255
4535,255
4536,255
4537,255
4538,255
4539,255
4540,255
4541,255
4542,255
4543,255
4544,255
4545,255
4546,255
4547,255
4548,255
4549,255
4550,255
4551,255
4552,255
4553,255
4554,255
4555,255
4556,255
4557,255
4558,255
4559,254
4560,255
4561,255
4562,255
4563,255
4564,255
4565,255
4566,255
4567,255
4568,255
4569,255
4570,255
4571,255
4572,255
4573,255
4574,255
4575,255
4576,255
4577,255
4578,255
4579,255
4580,255
4581,255
4582,255
4583,255
4584,255
4585,255
4586,255
4587,255
4588,255
4589,255
4590,255
4591,255
4592,255
4593,255
4594,255
4595,255
4596,255
4597,254
4598,255
4599,255
4600,255
4601,255
4602,255
4603,255
4604,255
4605,255
4606,255
4607,255
4608,253
4609,243
4610,232
4611,224
4612,215
4613,205
4614,197
4615,189
4616,181
4617,173
4618,167
4619,159
4620,152
4621,147
4622,140
4623,135
4624,130
4625,125
4626,119
4627,114
4628,108
4629,104
4630,101
4631,95
4632,92
4633,88
4634,84
4635,82
4636,77
4637,74
4638,71
4639,68
4640,64
4641,64
4642,61
4643,58
4644,55
4645,52
4646,52
4647,49
4648,46
4649,45
4650,43
4651,41
4652,39
4653,38
4654,36
4655,35
4656,35
4657,32
4658,31
4659,30
4660,28
4661,26
4662,27
4663,25
4664,22
4665,22
4666,21
4667,21
4668,20
4669,19
4670,19
4671,18
4672,17
4673,17
4674,16
4675,15
4676,15
4677,14
4678,12
4679,12
4680,12
4681,11
4682,11
4683,11
4684,10
4685,8
4686,9
4687,9
4688,9
4689,8
4690,8
4691,7
4692,7
4693,6
4694,6
4695,6
4696,6
4697,5
4698,4
4699,4
4700,5
4701,5
4702,5
4703,4
4704,3
4705,3
4706,4
4707,4
4708,2
4709,3
4710,3
4711,3
4712,3
4713,3
4714,3
4715,2
4716,2
4717,3
4718,3
4719,1
4720,1
4721,2
4722,1
4723,2
4724,2
4725,2
4726,2
4727,1
4728,1
4729,2
4730,2
4731,0
4732,1
4733,0
4734,0
4735,1
4736,1
4737,0
4738,0
4739,0
4740,1
4741,1
4742,0
4743,0
4744,0
4745,0
4746,1
4747,0
4748,1
4749,0
4750,0
4751,0
4752,0
4753,0
4754,0
4755,0
4756,1
4757,0
4758,1
4759,0
4760,0
4761,0
4762,0
4763,0
4764,0
4765,0
4766,0
4767,0
4768,0
4769,0
4770,0
4771,0
4772,0
4773,0
4774,0
4775,0
4776,0
4777,0
4778,0
4779,0
4780,0
4781,0
4782,0
4783,0
4784,0
4785,0
4786,0
4787,0
4788,0
4789,0
4790,0
4791,0
4792,0
4793,0
4794,0
4795,0
4796,0
4797,0
4798,0
4799,0
4800,0
4801,0
4802,0
4803,0
4804,0
4805,0
4806,0
4807,0
4808,0
4809,0
4810,0
4811,0
4812,0
4813,0
4814,0
4815,0
4816,0
4817,0
4818,0
4819,0
4820,0
4821,0
4822,0
4823,0
4824,0
4825,0
4826,0
4827,0
4828,0
4829,0
4830,0
4831,0
4832,0
4833,0
4834,0
4835,0
4836,0
4837,0
4838,0
4839,0
4840,0
4841,0
4842,0
4843,0
4844,0
4845,0
4846,0
4847,0
4848,0
4849,0
4850,0
4851,0
4852,0
4853,0
4854,0
4855,0
4856,0
4857,0
4858,0
4859,0
4860,0
4861,0
4862,0
4863,0
4864,0
4865,0
4866,0
4867,0
4868,0
4869,0
4870,0
4871,0
4872,0
4873,0
4874,0
4875,0
4876,0
4877,0
4878,0
4879,0
4880,0
4881,0
4882,0
4883,0
4884,0
4885,0
4886,0
4887,0
4888,0
4889,0
4890,0
4891,0
4892,0
4893,0
4894,0
4895,0
4896,0
4897,0
4898,0
4899,0
4900,0
4901,0
4902,0
4903,0
4904,0
4905,0
4906,0
4907,0
4908,0
4909,0
4910,0
4911,0
4912,0
4913,0
4914,0
4915,0
4916,0
4917,0
4918,0
4919,0
4920,0
4921,0
4922,0
4923,0
4924,0
4925,0
4926,0
4927,0
4928,0
4929,1
4930,1
4931,0
4932,0
4933,0
4934,0
4935,0
4936,0
4937,0
4938,0
4939,0
4940,0
4941,0
4942,0
4943,0
4944,0
4945,0
4946,0
4947,0
4948,0
4949,0
4950,0
4951,0
4952,0
4953,0
4954,0
4955,0
4956,0
4957,0
4958,0
4959,0
4960,0
4961,0
4962,0
4963,0
4964,0
4965,0
4966,0
4967,0
4968,0
4969,0
4970,0
4971,0
4972,0
4973,0
4974,0
4975,0
4976,0
4977,0
4978,0
4979,0
4980,0
4981,0
4982,0
4983,0
4984,0
4985,0
4986,0
4987,0
4988,0
4989,0
4990,0
4991,0
4992,0
4993,0
4994,0
4995,0
4996,0
4997,0
4998,0
4999,0
5000,0
5001,0
5002,1
5003,0
5004,0
5005,0
5006,0
5007,0
5008,0
5009,0
5010,0
5011,0
5012,1
5013,0
5014,0
5015,0
5016,0
5017,0
5018,0
5019,0
5020,0
5021,0
5022,0
5023,0
5024,0
5025,0
5026,0
5027,0
5028,0
5029,0
5030,0
5031,0
5032,0
5033,0
5034,0
5035,0
5036,0
5037,0
5038,0
5039,0
5040,0
5041,0
5042,0
5043,0
5044,0
5045,0
5046,0
5047,0
5048,0
5049,0
5050,0
5051,0
5052,0
5053,0
5054,0
5055,0
5056,0
5057,0
5058,0
5059,0
5060,0
5061,0
5062,0
5063,0
5064,0
5065,0
5066,0
5067,0
5068,0
5069,0
5070,0
5071,0
5072,0
5073,0
5074,0
5075,0
5076,0
5077,0
5078,0
5079,1
5080,0
5081,1
5082,0
5083,0
5084,0
5085,0
5086,0
5087,0
5088,0
5089,0
5090,0
5091,0
5092,0
5093,0
5094,0
5095,0
5096,0
5097,0
5098,0
5099,0
5100,0
5101,0
5102,0
5103,0
5104,0
5105,0
5106,0
5107,0
5108,0
5109,0
5110,0
5111,0
5112,0
5113,0
5114,0
5115,0
5116,0
5117,0
5118,0
5119,0
5120,3
5121,12
5122,23
5123,33
5124,42
5125,52
5126,60
5127,67
5128,76
5129,83
5130,91
5131,98
5132,104
5133,110
5134,117
5135,122
5136,128
5137,134
5138,138
5139,143
5140,149
5141,153
5142,158
5143,161
5144,167
5145,169
5146,172
5147,176
5148,179
5149,183
5150,186
5151,188
5152,193
5153,194
5154,198
5155,199
5156,201
5157,204
5158,206
5159,208
5160,210
5161,213
5162,214
5163,216
5164,216
5165,218
5166,219
5167,222
5168,224
5169,224
5170,226
5171,227
5172,228
5173,230
5174,230
5175,232
5176,234
5177,233
5178,235
5179,235
5180,236
5181,237
5182,238
5183,239
5184,240
5185,240
5186,241
5187,240
5188,241
5189,243
5190,242
5191,243
5192,244
5193,245
5194,245
5195,245
5196,245
5197,246
5198,246
5199,247
5200,247
5201,248
5202,249
5203,248
5204,249
5205,248
5206,248
5207,249
5208,250
5209,250
5210,250
5211,250
5212,250
5213,251
5214,250
5215,252
5216,251
5217,251
5218,252
5219,251
5220,252
5221,252
5222,252
5223,252
5224,251
5225,252
5226,252
5227,253
5228,254
5229,252
5230,253
5231,253
5232,253
5233,254
5234,253
5235,253
5236,253
5237,253
5238,253
5239,254
5240,254
5241,253
5242,255
5243,254
5244,254
5245,255
5246,254
5247,254
5248,253
5249,254
5250,254
5251,255
5252,254
5253,255
5254,255
5255,255
5256,255
5257,254
5258,254
5259,254
5260,255
5261,255
5262,254
5263,254
5264,253
5265,255
5266,255
5267,255
5268,254
5269,255
5270,255
5271,254
5272,255
5273,255
5274,254
5275,255
5276,255
5277,254
5278,255
5279,255
5280,255
5281,255
5282,255
5283,254
5284,255
5285,255
5286,255
5287,255
5288,255
5289,255
5290,255
5291,255
5292,255
5293,255
5294,255
5295,255
5296,254
5297,255
5298,255
5299,255
5300,255
5301,255
5302,255
5303,255
5304,255
5305,255
5306,254
5307,255
5308,255
5309,255
5310,255
5311,255
5312,255
5313,255
5314,255
5315,255
5316,254
5317,255
5318,254
5319,254
5320,255
5321,255
5322,255
5323,255
5324,255
5325,255
5326,255
5327,255
5328,255
5329,255
5330,255
5331,255
5332,255
5333,254
5334,255
5335,255
5336,255
5337,255
5338,255
5339,255
5340,255
5341,255
5342,255
5343,255
5344,255
5345,255
5346,255
5347,255
5348,254
5349,255
5350,254
5351,255
5352,255
5353,255
5354,255
5355,254
5356,255
5357,254
5358,255
5359,255
5360,255
5361,255
5362,255
5363,255
5364,255
5365,255
5366,255
5367,255
5368,255
5369,255
5370,255
5371,254
5372,255
5373,255
5374,255
5375,255
5376,255
5377,255
5378,255
5379,255
5380,255
5381,254
5382,255
5383,255
5384,254
5385,254
5386,255
5387,255
5388,255
5389,254
5390,255
5391,255
5392,255
5393,255
5394,255
5395,255
5396,255
5397,255
5398,255
5399,255
5400,255
5401,255
5402,255
5403,255
5404,255
5405,255
5406,255
5407,255
5408,255
5409,255
5410,255
5411,255
5412,255
5413,255
5414,255
5415,255
5416,255
5417,255
5418,255
5419,255
5420,255
5421,255
5422,255
5423,255
5424,255
5425,255
5426,254
5427,255
5428,255
5429,255
5430,255
5431,255
5432,255
5433,255
5434,255
5435,255
5436,255
5437,255
5438,254
5439,255
5440,255
5441,255
5442,255
5443,255
5444,255
5445,255
5446,255
5447,255
5448,255
5449,255
5450,255
5451,255
5452,255
5453,255
5454,255
5455,255
5456,255
5457,254
5458,255
5459,255
5460,255
5461,255
5462,255
5463,255
5464,255
5465,255
5466,255
5467,254
5468,255
5469,255
5470,255
5471,255
5472,255
5473,255
5474,254
5475,255
5476,255
5477,255
5478,255
5479,255
5480,255
5481,255
5482,255
5483,255
5484,255
5485,254
5486,255
5487,255
5488,255
5489,255
5490,255
5491,255
5492,254
5493,255
5494,255
5495,255
5496,255
5497,255
5498,254
5499,255
5500,255
5501,255
5502,255
5503,254
5504,255
5505,255
5506,255
5507,255
5508,255
5509,255
5510,255
5511,255
5512,254
5513,255
5514,255
5515,255
5516,255
5517,255
5518,255
5519,255
5520,255
5521,255
5522,255
5523,255
5524,255
5525,255
5526,255
5527,255
5528,255
5529,254
5530,255
5531,255
5532,255
5533,255
5534,255
5535,255
5536,255
5537,255
5538,255
5539,255
5540,255
5541,254
5542,254
5543,255
5544,255
5545,255
5546,255
5547,255
5548,255
5549,255
5550,255
5551,255
5552,255
5553,255
5554,254
5555,255
5556,255
5557,255
5558,253
5559,255
5560,255
5561,254
5562,255
5563,255
5564,255
5565,255
5566,255
5567,255
5568,255
5569,255
5570,255
5571,255
5572,255
5573,255
5574,255
5575,255
5576,255
5577,255
5578,255
5579,255
5580,255
5581,255
5582,255
5583,255
5584,255
5585,255
5586,255
5587,255
5588,255
5589,254
5590,255
5591,255
5592,255
5593,254
5594,255
5595,255
5596,255
5597,255
5598,255
5599,255
5600,255
5601,255
5602,255
5603,255
5604,255
5605,255
5606,254
5607,255
5608,255
5609,255
5610,255
5611,254
5612,255
5613,255
5614,255
5615,254
5616,255
5617,255
5618,254
5619,255
5620,255
5621,255
5622,255
5623,255
5624,255
5625,255
5626,255
5627,255
5628,255
5629,255
5630,255
5631,255
5632,254
5633,243
5634,232
5635,223
5636,214
5637,205
5638,197
5639,189
5640,181
5641,173
5642,167
5643,159
5644,152
5645,147
5646,140
5647,136
5648,130
5649,124
5650,118
5651,114
5652,109
5653,105
5654,101
5655,95
5656,91
5657,88
5658,85
5659,81
5660,78
5661,74
5662,71
5663,69
5664,66
5665,63
5666,60
5667,58
5668,56
5669,54
5670,50
5671,48
5672,47
5673,44
5674,43
5675,41
5676,41
5677,38
5678,36
5679,35
5680,34
5681,32
5682,31
5683,30
5684,28
5685,27
5686,26
5687,25
5688,24
5689,23
5690,22
5691,21
5692,20
5693,19
5694,17
5695,17
5696,17
5697,16
5698,16
5699,15
5700,14
5701,14
5702,13
5703,12
5704,12
5705,11
5706,11
5707,11
5708,10
5709,10
5710,10
5711,9
5712,8
5713,9
5714,8
5715,7
5716,7
5717,6
5718,6
5719,6
5720,6
5721,6
5722,4
5723,5
5724,5
5725,6
5726,4
5727,5
5728,3
5729,5
5730,4
5731,4
5732,4
5733,4
5734,3
5735,3
5736,3
5737,3
5738,2
5739,3
5740,3
5741,3
5742,2
5743,1
5744,1
5745,2
5746,1
5747,2
5748,1
5749,2
5750,1
5751,1
5752,1
5753,1
5754,1
5755,1
5756,1
5757,1
5758,1
5759,1
5760,0
5761,1
5762,1
5763,1
5764,2
5765,0
5766,1
5767,0
5768,0
5769,0
5770,0
5771,1
5772,0
5773,0
5774,0
5775,0
5776,0
5777,0
5778,0
5779,0
5780,0
5781,0
5782,0
5783,1
5784,0
5785,0
5786,0
5787,0
5788,0
5789,0
5790,0
5791,0
5792,0
5793,0
5794,0
5795,0
5796,0
5797,0
5798,0
5799,1
5800,0
5801,0
5802,0
5803,0
5804,0
5805,0
5806,0
5807,0
5808,0
5809,0
5810,0
5811,0
5812,0
5813,0
5814,0
5815,0
5816,0
5817,0
5818,0
5819,0
5820,0
5821,0
5822,0
5823,0
5824,0
5825,0
5826,0
5827,0
5828,0
5829,0
5830,0
5831,0
5832,0
5833,0
5834,0
5835,0
5836,0
5837,0
5838,0
5839,0
5840,0
5841,0
5842,0
5843,0
5844,0
5845,0
5846,0
5847,1
5848,1
5849,0
5850,0
5851,0
5852,0
5853,0
5854,0
5855,0
5856,0
5857,0
5858,1
5859,0
5860,1
5861,0
5862,0
5863,0
5864,0
5865,0
5866,0
5867,0
5868,0
5869,0
5870,0
5871,0
5872,0
5873,0
5874,0
5875,0
5876,0
5877,0
5878,0
5879,0
5880,0
5881,1
5882,0
5883,0
5884,0
5885,0
5886,0
5887,0
5888,0
5889,0
5890,0
5891,0
5892,0
5893,0
5894,0
5895,0
5896,0
5897,0
5898,0
5899,0
5900,0
5901,0
5902,0
5903,0
5904,0
5905,0
5906,0
5907,0
5908,0
5909,0
5910,0
5911,0
5912,0
5913,0
5914,0
5915,0
5916,0
5917,0
5918,0
5919,0
5920,0
5921,0
5922,0
5923,0
5924,0
5925,0
5926,0
5927,0
5928,0
5929,0
5930,0
5931,1
5932,0
5933,0
5934,0
5935,0
5936,0
5937,0
5938,0
5939,0
5940,0
5941,0
5942,0
5943,0
5944,0
5945,0
5946,0
5947,0
5948,0
5949,0
5950,0
5951,0
5952,0
5953,0
5954,0
5955,0
5956,0
5957,0
5958,0
5959,0
5960,0
5961,0
5962,0
5963,0
5964,0
5965,0
5966,0
5967,0
5968,0
5969,0
5970,0
5971,0
5972,0
5973,0
5974,0
5975,0
5976,0
5977,0
5978,0
5979,0
5980,0
5981,0
5982,0
5983,0
5984,0
5985,0
5986,0
5987,0
5988,0
5989,0
5990,0
5991,0
5992,0
5993,0
5994,0
5995,0
5996,0
5997,0
5998,0
5999,0
6000,0
6001,0
6002,0
6003,0
6004,0
6005,0
6006,0
6007,0
6008,1
6009,0
6010,0
6011,0
6012,0
6013,0
6014,0
6015,0
6016,0
6017,0
6018,0
6019,0
6020,0
6021,0
6022,0
6023,0
6024,0
6025,0
6026,0
6027,0
6028,0
6029,0
6030,0
6031,0
6032,0
6033,0
6034,0
6035,0
6036,0
6037,0
6038,0
6039,0
6040,0
6041,0
6042,0
6043,0
6044,0
6045,0
6046,0
6047,0
6048,0
6049,0
6050,0
6051,0
6052,0
6053,0
6054,0
6055,0
6056,0
6057,0
6058,0
6059,0
6060,0
6061,0
6062,0
6063,0
6064,0
6065,0
6066,0
6067,0
6068,0
6069,0
6070,0
6071,0
6072,0
6073,0
6074,0
6075,0
6076,0
6077,1
6078,0
6079,0
6080,0
6081,0
6082,0
6083,0
6084,0
6085,0
6086,0
6087,0
6088,0
6089,0
6090,0
6091,0
6092,0
6093,0
6094,0
6095,0
6096,0
6097,0
6098,0
6099,0
6100,0
6101,0
6102,0
6103,0
6104,0
6105,0
6106,0
6107,0
6108,0
6109,0
6110,0
6111,0
6112,0
6113,0
6114,0
6115,0
6116,0
6117,0
6118,0
6119,0
6120,0
6121,0
6122,0
6123,0
6124,0
6125,0
6126,0
6127,1
6128,0
6129,0
6130,0
6131,0
6132,0
6133,0
6134,0
6135,0
6136,0
6137,0
6138,0
6139,0
6140,0
6141,0
6142,0
6143,0
6144,2
6145,13
6146,23
6147,33
6148,42
6149,51
6150,60
6151,67
6152,76
6153,84
6154,91
6155,97
6156,104
6157,110
6158,117
6159,122
6160,128
6161,134
6162,138
6163,143
6164,147
6165,154
6166,158
6167,161
6168,164
6169,169
6170,173
6171,176
6172,179
6173,183
6174,186
6175,189
6176,191
6177,194
6178,196
6179,199
6180,202
6181,203
6182,206
6183,208
6184,210
6185,212
6186,214
6187,216
6188,218
6189,218
6190,220
6191,222
6192,223
6193,224
6194,225
6195,227
6196,229
6197,230
6198,230
6199,232
6200,233
6201,234
6202,235
6203,235
6204,236
6205,237
6206,237
6207,239
6208,238
6209,239
6210,241
6211,240
6212,242
6213,242
6214,243
6215,243
6216,244
6217,244
6218,246
6219,246
6220,245
6221,247
6222,246
6223,247
6224,247
6225,246
6226,247
6227,248
6228,248
6229,248
6230,249
6231,249
6232,250
6233,250
6234,250
6235,250
6236,250
6237,250
6238,250
6239,251
6240,251
6241,252
6242,252
6243,251
6244,252
6245,251
6246,252
6247,253
6248,252
6249,252
6250,253
6251,252
6252,253
6253,252
6254,253
6255,253
6256,253
6257,254
6258,254
6259,253
6260,254
6261,253
6262,253
6263,254
6264,253
6265,254
6266,254
6267,254
6268,254
6269,254
6270,254
6271,254
6272,253
6273,255
6274,254
6275,254
6276,254
6277,254
6278,254
6279,255
6280,255
6281,254
6282,254
6283,254
6284,254
6285,255
6286,254
6287,255
6288,255
6289,255
6290,253
6291,254
6292,255
6293,254
6294,255
6295,255
6296,255
6297,255
6298,255
6299,255
6300,255
6301,255
6302,255
6303,255
6304,255
6305,255
6306,255
6307,255
6308,255
6309,255
6310,255
6311,254
6312,254
6313,255
6314,255
6315,255
6316,255
6317,255
6318,255
6319,255
6320,255
6321,255
6322,255
6323,255
6324,255
6325,255
6326,255
6327,255
6328,255
6329,255
6330,255
6331,255
6332,255
6333,254
6334,255
6335,255
6336,255
6337,255
6338,254
6339,254
6340,255
6341,255
6342,255
6343,255
6344,255
6345,254
6346,255
6347,255
6348,255
6349,254
6350,255
6351,255
6352,255
6353,255
6354,255
6355,255
6356,255
6357,255
6358,255
6359,255
6360,255
6361,255
6362,255
6363,255
6364,255
6365,255
6366,254
6367,255
6368,254
6369,255
6370,255
6371,255
6372,255
6373,255
6374,255
6375,255
6376,255
6377,255
6378,255
6379,255
6380,255
6381,255
6382,255
6383,255
6384,254
6385,255
6386,255
6387,255
6388,255
6389,254
6390,255
6391,255
6392,255
6393,255
6394,255
6395,255
6396,255
6397,255
6398,254
6399,255
6400,255
6401,255
6402,255
6403,255
6404,255
6405,255
6406,255
6407,255
6408,255
6409,255
6410,255
6411,255
6412,255
6413,255
6414,255
6415,255
6416,254
6417,255
6418,255
6419,255
6420,254
6421,255
6422,255
6423,255
6424,254
6425,255
6426,255
6427,255
6428,255
6429,255
6430,255
6431,255
6432,255
6433,255
6434,255
6435,255
6436,255
6437,255
6438,255
6439,255
6440,255
6441,255
6442,254
6443,255
6444,255
6445,255
6446,255
6447,255
6448,255
6449,255
6450,255
6451,255
6452,255
6453,255
6454,255
6455,254
6456,255
6457,255
6458,255
6459,255
6460,254
6461,255
6462,255
6463,255
6464,255
6465,255
6466,255
6467,255
6468,255
6469,255
6470,255
6471,255
6472,255
6473,255
6474,255
6475,255
6476,255
6477,255
6478,254
6479,255
6480,255
6481,255
6482,255
6483,255
6484,255
6485,255
6486,255
6487,255
6488,255
6489,255
6490,255
6491,255
6492,255
6493,255
6494,255
6495,255
6496,254
6497,255
6498,255
6499,255
6500,255
6501,255
6502,254
6503,255
6504,255
6505,255
6506,254
6507,255
6508,255
6509,255
6510,255
6511,255
6512,255
6513,254
6514,255
6515,255
6516,255
6517,255
6518,255
6519,255
6520,255
6521,255
6522,255
6523,255
6524,255
6525,255
6526,255
6527,255
6528,255
6529,255
6530,255
6531,254
6532,255
6533,255
6534,255
6535,255
6536,255
6537,255
6538,255
6539,255
6540,255
6541,255
6542,255
6543,255
6544,255
6545,255
6546,255
6547,255
6548,255
6549,255
6550,255
6551,254
6552,255
6553,255
6554,254
6555,255
6556,255
6557,255
6558,255
6559,255
6560,255
6561,254
6562,255
6563,255
6564,255
6565,255
6566,255
6567,255
6568,254
6569,255
6570,255
6571,255
6572,255
6573,255
6574,255
6575,255
6576,254
6577,255
6578,255
6579,255
6580,255
6581,255
6582,255
6583,255
6584,255
6585,255
6586,255
6587,255
6588,255
6589,255
6590,255
6591,255
6592,255
6593,255
6594,255
6595,254
6596,255
6597,255
6598,255
6599,255
6600,255
6601,255
6602,255
6603,255
6604,255
6605,255
6606,255
6607,255
6608,254
6609,255
6610,255
6611,255
6612,255
6613,255
6614,255
6615,255
6616,255
6617,255
6618,255
6619,255
6620,254
6621,255
6622,255
6623,255
6624,255
6625,255
6626,255
6627,255
6628,255
6629,255
6630,255
6631,255
6632,255
6633,255
6634,255
6635,255
6636,255
6637,255
6638,255
6639,255
6640,255
6641,255
6642,255
6643,254
6644,255
6645,255
6646,254
6647,255
6648,255
6649,255
6650,255
6651,255
6652,255
6653,255
6654,255
6655,255
6656,253
6657,242
6658,233
6659,223
6660,213
6661,205
6662,198
6663,189
6664,181
6665,173
6666,167
6667,159
6668,152
6669,148
6670,140
6671,134
6672,129
6673,124
6674,118
6675,115
6676,109
6677,104
6678,100
6679,97
6680,92
6681,89
6682,83
6683,81
6684,78
6685,74
6686,72
6687,68
6688,66
6689,63
6690,60
6691,58
6692,56
6693,53
6694,51
6695,50
6696,47
6697,44
6698,43
6699,41
6700,40
6701,38
6702,35
6703,34
6704,33
6705,32
6706,30
6707,29
6708,28
6709,27
6710,26
6711,24
6712,23
6713,23
6714,21
6715,21
6716,19
6717,19
6718,18
6719,19
6720,16
6721,16
6722,15
6723,15
6724,14
6725,13
6726,13
6727,12
6728,12
6729,12
6730,11
6731,10
6732,11
6733,10
6734,9
6735,9
6736,8
6737,7
6738,8
6739,7
6740,6
6741,7
6742,6
6743,7
6744,6
6745,5
6746,5
6747,5
6748,4
6749,4
6750,4
6751,4
6752,4
6753,4
6754,4
6755,3
6756,4
6757,4
6758,4
6759,3
6760,3
6761,3
6762,2
6763,2
6764,1
6765,3
6766,1
6767,2
6768,1
6769,1
6770,2
6771,2
6772,2
6773,2
6774,2
6775,0
6776,2
6777,2
6778,1
6779,1
6780,1
6781,1
6782,0
6783,2
6784,0
6785,1
6786,1
6787,1
6788,1
6789,0
6790,1
6791,1
6792,0
6793,1
6794,0
6795,1
6796,0
6797,0
6798,1
6799,0
6800,0
6801,1
6802,0
6803,0
6804,0
6805,0
6806,0
6807,0
6808,0
6809,0
6810,0
6811,0
6812,0
6813,0
6814,0
6815,0
6816,0
6817,0
6818,0
6819,0
6820,0
6821,0
6822,0
6823,0
6824,0
6825,0
6826,0
6827,0
6828,0
6829,0
6830,0
6831,0
6832,0
6833,0
6834,0
6835,0
6836,0
6837,0
6838,0
6839,0
6840,0
6841,0
6842,0
6843,0
6844,0
6845,0
6846,0
6847,0
6848,0
6849,0
6850,0
6851,0
6852,0
6853,0
6854,0
6855,0
6856,0
6857,0
6858,0
6859,0
6860,0
6861,0
6862,0
6863,0
6864,0
6865,0
6866,0
6867,0
6868,0
6869,0
6870,0
6871,0
6872,0
6873,0
6874,0
6875,0
6876,0
6877,0
6878,0
6879,0
6880,0
6881,0
6882,0
6883,0
6884,0
6885,0
6886,0
6887,0
6888,0
6889,0
6890,0
6891,0
6892,0
6893,0
6894,0
6895,0
6896,0
6897,0
6898,0
6899,0
6900,0
6901,0
6902,0
6903,0
6904,0
6905,0
6906,0
6907,0
6908,0
6909,0
6910,0
6911,0
6912,1
6913,0
6914,0
6915,0
6916,0
6917,0
6918,0
6919,0
6920,0
6921,0
6922,0
6923,0
6924,0
6925,0
6926,0
6927,0
6928,0
6929,0
6930,0
6931,0
6932,0
6933,0
6934,0
6935,0
6936,0
6937,0
6938,0
6939,0
6940,0
6941,0
6942,0
6943,0
6944,0
6945,0
6946,0
6947,0
6948,0
6949,0
6950,0
6951,0
6952,0
6953,0
6954,0
6955,0
6956,0
6957,0
6958,0
6959,0
6960,0
6961,0
6962,0
6963,0
6964,0
6965,0
6966,0
6967,0
6968,0
6969,0
6970,0
6971,0
6972,0
6973,0
6974,0
6975,0
6976,0
6977,0
6978,0
6979,0
6980,0
6981,0
6982,0
6983,0
6984,0
6985,0
6986,0
6987,0
6988,0
6989,0
6990,0
6991,0
6992,0
6993,0
6994,0
6995,0
6996,0
6997,0
6998,0
6999,0
7000,0
7001,0
7002,0
7003,0
7004,0
7005,0
7006,0
7007,0
7008,0
7009,0
7010,0
7011,0
7012,1
7013,0
7014,0
7015,0
7016,0
7017,0
7018,0
7019,0
7020,0
7021,0
7022,0
7023,0
7024,0
7025,0
7026,0
7027,0
7028,1
7029,0
7030,0
7031,0
7032,0
7033,0
7034,0
7035,0
7036,0
7037,0
7038,0
7039,0
7040,0
7041,0
7042,0
7043,0
7044,0
7045,0
7046,0
7047,0
7048,0
7049,0
7050,0
7051,0
7052,0
7053,0
7054,0
7055,0
7056,0
7057,0
7058,0
7059,0
7060,0
7061,0
7062,0
7063,0
7064,0
7065,0
7066,0
7067,0
7068,0
7069,0
7070,0
7071,0
7072,0
7073,0
7074,0
7075,0
7076,0
7077,0
7078,0
7079,0
7080,0
7081,0
7082,0
7083,0
7084,0
7085,0
7086,0
7087,0
7088,0
7089,0
7090,0
7091,0
7092,0
7093,0
7094,0
7095,0
7096,0
7097,0
7098,0
7099,0
7100,0
7101,0
7102,0
7103,0
7104,0
7105,0
7106,0
7107,0
7108,0
7109,0
7110,0
7111,0
7112,0
7113,0
7114,0
7115,0
7116,0
7117,0
7118,0
7119,0
7120,0
7121,0
7122,0
7123,0
7124,0
7125,0
7126,0
7127,0
7128,0
7129,0
7130,0
7131,0
7132,0
7133,0
7134,0
7135,0
7136,0
7137,0
7138,0
7139,0
7140,0
7141,0
7142,0
7143,0
7144,0
7145,0
7146,0
7147,0
7148,0
7149,0
7150,0
7151,0
7152,0
7153,0
7154,0
7155,0
7156,0
7157,0
7158,0
7159,0
7160,0
7161,0
7162,0
7163,0
7164,0
7165,0
7166,0
7167,0
7168,2
7169,13
7170,23
7171,33
7172,43
7173,51
7174,60
7175,68
7176,77
7177,82
7178,90
7179,98
7180,105
7181,110
7182,117
7183,123
7184,128
7185,133
7186,139
7187,143
7188,147
7189,153
7190,158
7191,161
7192,165
7193,169
7194,172
7195,176
7196,179
7197,183
7198,186
7199,188
7200,191
7201,194
7202,197
7203,199
7204,202
7205,204
7206,206
7207,207
7208,209
7209,212
7210,213
7211,216
7212,217
7213,219
7214,219
7215,221
7216,224
7217,225
7218,225
7219,227
7220,227
7221,229
7222,231
7223,231
7224,232
7225,232
7226,234
7227,235
7228,235
7229,238
7230,237
7231,239
7232,238
7233,240
7234,240
7235,241
7236,242
7237,243
7238,243
7239,244
7240,244
7241,244
7242,244
7243,244
7244,245
7245,246
7246,246
7247,247
7248,248
7249,247
7250,248
7251,248
7252,247
7253,248
7254,249
7255,248
7256,249
7257,250
7258,250
7259,250
7260,251
7261,251
7262,251
7263,250
7264,252
7265,252
7266,251
7267,251
7268,252
7269,252
7270,251
7271,252
7272,251
7273,252
7274,252
7275,252
7276,253
7277,254
7278,254
7279,253
7280,253
7281,254
7282,252
7283,254
7284,253
7285,254
7286,254
7287,253
7288,254
7289,254
7290,253
7291,255
7292,254
7293,253
7294,254
7295,254
7296,254
7297,254
7298,254
7299,254
7300,254
7301,255
7302,254
7303,255
7304,253
7305,254
7306,255
7307,255
7308,255
7309,255
7310,255
7311,255
7312,255
7313,255
7314,255
7315,255
7316,255
7317,255
7318,255
7319,255
7320,255
7321,255
7322,255
7323,254
7324,255
7325,255
7326,255
7327,255
7328,255
7329,255
7330,255
7331,255
7332,255
7333,255
7334,255
7335,255
7336,255
7337,255
7338,255
7339,255
7340,255
7341,255
7342,255
7343,254
7344,255
7345,255
7346,255
7347,255
7348,255
7349,255
7350,255
7351,255
7352,255
7353,255
7354,255
7355,255
7356,255
7357,254
7358,254
7359,255
7360,255
7361,255
7362,255
7363,255
7364,255
7365,254
7366,254
7367,255
7368,255
7369,255
7370,255
7371,255
7372,254
7373,255
7374,255
7375,255
7376,255
7377,255
7378,255
7379,255
7380,255
7381,255
7382,255
7383,255
7384,255
7385,255
7386,255
7387,255
7388,255
7389,254
7390,255
7391,255
7392,255
7393,255
7394,255
7395,255
7396,255
7397,255
7398,255
7399,255
7400,255
7401,255
7402,255
7403,255
7404,255
7405,255
7406,255
7407,255
7408,255
7409,255
7410,255
7411,255
7412,255
7413,255
7414,255
7415,255
7416,255
7417,255
7418,255
7419,255
7420,254
7421,255
7422,255
7423,255
7424,255
7425,255
7426,255
7427,255
7428,255
7429,255
7430,255
7431,255
7432,255
7433,255
7434,255
7435,255
7436,255
7437,255
7438,255
7439,255
7440,254
7441,255
7442,255
7443,255
7444,255
7445,255
7446,255
7447,254
7448,255
7449,255
7450,255
7451,255
7452,255
7453,255
7454,255
7455,255
7456,255
7457,255
7458,255
7459,255
7460,255
7461,255
7462,255
7463,255
7464,255
7465,255
7466,255
7467,255
7468,255
7469,255
7470,255
7471,255
7472,255
7473,255
7474,255
7475,255
7476,255
7477,255
7478,255
7479,255
7480,255
7481,255
7482,255
7483,255
7484,255
7485,255
7486,255
7487,254
7488,255
7489,255
7490,255
7491,255
7492,255
7493,255
7494,254
7495,255
7496,255
7497,255
7498,255
7499,255
7500,255
7501,255
7502,255
7503,255
7504,255
7505,255
7506,254
7507,255
7508,255
7509,255
7510,255
7511,255
7512,255
7513,255
7514,255
7515,255
7516,255
7517,255
7518,255
7519,255
7520,255
7521,255
7522,255
7523,255
7524,255
7525,254
7526,255
7527,255
7528,255
7529,255
7530,255
7531,255
7532,255
7533,255
7534,255
7535,255
7536,255
7537,255
7538,255
7539,255
7540,255
7541,255
7542,255
7543,255
7544,255
7545,255
7546,255
7547,255
7548,255
7549,254
7550,255
7551,255
7552,255
7553,255
7554,255
7555,254
7556,255
7557,255
7558,255
7559,255
7560,255
7561,255
7562,255
7563,255
7564,254
7565,255
7566,255
7567,254
7568,255
7569,255
7570,254
7571,255
7572,255
7573,255
7574,255
7575,255
7576,255
7577,255
7578,255
7579,255
7580,255
7581,255
7582,255
7583,255
7584,255
7585,255
7586,255
7587,255
7588,254
7589,255
7590,255
7591,255
7592,254
7593,255
7594,255
7595,255
7596,255
7597,255
7598,255
7599,255
7600,255
7601,255
7602,255
7603,255
7604,255
7605,255
7606,255
7607,255
7608,255
7609,255
7610,255
7611,255
7612,255
7613,255
7614,255
7615,255
7616,255
7617,255
7618,255
7619,255
7620,255
7621,255
7622,255
7623,255
7624,254
7625,255
7626,255
7627,255
7628,255
7629,255
7630,255
7631,255
7632,255
7633,255
7634,255
7635,255
7636,255
7637,255
7638,255
7639,253
7640,255
7641,255
7642,255
7643,255
7644,255
7645,255
7646,255
7647,255
7648,255
7649,255
7650,255
7651,254
7652,255
7653,255
7654,255
7655,255
7656,255
7657,255
7658,255
7659,255
7660,255
7661,255
7662,255
7663,255
7664,255
7665,255
7666,255
7667,255
7668,255
7669,255
7670,255
7671,255
7672,255
7673,255
7674,255
7675,255
7676,255
7677,255
7678,254
7679,255
7680,253
7681,243
7682,233
7683,223
7684,214
7685,205
7686,197
7687,188
7688,181
7689,173
7690,166
7691,159
7692,153
7693,146
7694,140
7695,134
7696,129
7697,124
7698,119
7699,114
7700,109
7701,104
7702,99
7703,96
7704,93
7705,88
7706,84
7707,81
7708,78
7709,75
7710,72
7711,68
7712,67
7713,63
7714,60
7715,57
7716,56
7717,53
7718,51
7719,49
7720,47
7721,45
7722,43
7723,41
7724,40
7725,38
7726,37
7727,35
7728,32
7729,32
7730,30
7731,30
7732,28
7733,27
7734,25
7735,25
7736,24
7737,23
7738,21
7739,20
7740,20
7741,18
7742,18
7743,17
7744,17
7745,16
7746,15
7747,15
7748,13
7749,14
7750,13
7751,12
7752,11
7753,11
7754,12
7755,11
7756,11
7757,10
7758,9
7759,9
7760,8
7761,8
7762,8
7763,7
7764,7
7765,7
7766,6
7767,6
7768,6
7769,5
7770,6
7771,5
7772,3
7773,4
7774,5
7775,4
7776,4
7777,4
7778,4
7779,5
7780,3
7781,3
7782,4
7783,3
7784,4
7785,2
7786,2
7787,2
7788,2
7789,2
7790,2
7791,1
7792,2
7793,2
7794,1
7795,2
7796,2
7797,1
7798,2
7799,2
7800,2
7801,0
7802,3
7803,1
7804,1
7805,1
7806,0
7807,1
7808,0
7809,1
7810,0
7811,0
7812,1
7813,0
7814,1
7815,1
7816,1
7817,1
7818,0
7819,1
7820,1
7821,0
7822,0
7823,1
7824,0
7825,1
7826,0
7827,1
7828,1
7829,0
7830,0
7831,1
7832,1
7833,0
7834,0
7835,1
7836,0
7837,0
7838,0
7839,0
7840,0
7841,0
7842,1
7843,1
7844,0
7845,0
7846,0
7847,0
7848,0
7849,0
7850,0
7851,0
7852,0
7853,0
7854,1
7855,0
7856,0
7857,0
7858,0
7859,0
7860,0
7861,1
7862,0
7863,0
7864,0
7865,0
7866,1
7867,0
7868,0
7869,0
7870,0
7871,0
7872,0
7873,0
7874,0
7875,0
7876,0
7877,0
7878,0
7879,0
7880,1
7881,0
7882,0
7883,0
7884,0
7885,0
7886,0
7887,0
7888,0
7889,0
7890,0
7891,0
7892,0
7893,0
7894,0
7895,0
7896,0
7897,0
7898,0
7899,0
7900,0
7901,0
7902,0
7903,0
7904,0
7905,0
7906,0
7907,0
7908,0
7909,0
7910,0
7911,0
7912,0
7913,0
7914,0
7915,0
7916,0
7917,0
7918,0
7919,0
7920,0
7921,0
7922,0
7923,0
7924,0
7925,0
7926,0
7927,0
7928,0
7929,0
7930,0
7931,0
7932,0
7933,0
7934,0
7935,0
7936,0
7937,0
7938,0
7939,0
7940,0
7941,0
7942,0
7943,0
7944,0
7945,0
7946,0
7947,0
7948,0
7949,0
7950,0
7951,0
7952,0
7953,0
7954,0
7955,0
7956,0
7957,0
7958,0
7959,0
7960,0
7961,0
7962,0
7963,0
7964,0
7965,0
7966,0
7967,0
7968,0
7969,0
7970,0
7971,0
7972,0
7973,0
7974,0
7975,0
7976,0
7977,0
7978,0
7979,0
7980,0
7981,0
7982,0
7983,0
7984,0
7985,0
7986,0
7987,0
7988,0
7989,0
7990,0
7991,0
7992,0
7993,0
7994,0
7995,0
7996,0
7997,0
7998,0
7999,0
8000,0
8001,0
8002,0
8003,0
8004,0
8005,0
8006,0
8007,0
8008,0
8009,1
8010,0
8011,0
8012,0
8013,0
8014,0
8015,0
8016,0
8017,0
8018,0
8019,0
8020,0
8021,0
8022,0
8023,0
8024,0
8025,0
8026,0
8027,0
8028,0
8029,0
8030,0
8031,0
8032,0
8033,0
8034,0
8035,0
8036,0
8037,0
8038,0
8039,0
8040,0
8041,0
8042,0
8043,0
8044,0
8045,0
8046,0
8047,0
8048,0
8049,0
8050,0
8051,0
8052,0
8053,0
8054,0
8055,0
8056,0
8057,0
8058,0
8059,0
8060,0
8061,0
8062,0
8063,0
8064,0
8065,0
8066,0
8067,0
8068,0
8069,0
8070,0
8071,0
8072,0
8073,0
8074,0
8075,0
8076,0
8077,0
8078,0
8079,0
8080,0
8081,0
8082,0
8083,0
8084,1
8085,1
8086,0
8087,0
8088,0
8089,0
8090,0
8091,0
8092,0
8093,0
8094,0
8095,0
8096,0
8097,1
8098,0
8099,0
8100,0
8101,0
8102,0
8103,0
8104,0
8105,0
8106,0
8107,0
8108,0
8109,0
8110,0
8111,0
8112,1
8113,0
8114,0
8115,0
8116,0
8117,0
8118,0
8119,0
8120,0
8121,0
8122,0
8123,0
8124,0
8125,0
8126,0
8127,0
8128,0
8129,0
8130,0
8131,0
8132,0
8133,0
8134,0
8135,0
8136,0
8137,0
8138,0
8139,0
8140,0
8141,0
8142,0
8143,0
8144,0
8145,0
8146,0
8147,0
8148,0
8149,0
8150,0
8151,0
8152,0
8153,0
8154,0
8155,0
8156,0
8157,0
8158,0
8159,0
8160,0
8161,0
8162,0
8163,0
8164,0
8165,0
8166,0
8167,0
8168,0
8169,0
8170,0
8171,0
8172,0
8173,0
8174,0
8175,0
8176,0
8177,0
8178,0
8179,0
8180,0
8181,0
8182,0
8183,0
8184,0
8185,0
8186,0
8187,0
8188,1
8189,0
8190,0
8191,0
8192,3
8193,13
8194,22
8195,33
8196,43
8197,52
8198,60
8199,68
8200,76
8201,83
8202,90
8203,99
8204,104
8205,111
8206,117
8207,123
8208,128
8209,133
8210,138
8211,143
8212,149
8213,153
8214,157
8215,161
8216,164
8217,169
8218,173
8219,177
8220,180
8221,182
8222,185
8223,189
8224,192
8225,195
8226,196
8227,199
8228,202
8229,202
8230,206
8231,208
8232,210
8233,212
8234,214
8235,215
8236,217
8237,219
8238,220
8239,222
8240,223
8241,225
8242,226
8243,228
8244,228
8245,229
8246,230
8247,231
8248,233
8249,234
8250,235
8251,236
8252,236
8253,237
8254,238
8255,239
8256,239
8257,240
8258,240
8259,241
8260,242
8261,242
8262,244
8263,244
8264,245
8265,244
8266,245
8267,246
8268,244
8269,247
8270,246
8271,246
8272,248
8273,247
8274,248
8275,250
8276,248
8277,249
8278,250
8279,249
8280,251
8281,250
8282,251
8283,251
8284,250
8285,250
8286,251
8287,251
8288,251
8289,251
8290,251
8291,251
8292,251
8293,252
8294,252
8295,252
8296,252
8297,253
8298,252
8299,253
8300,252
8301,253
8302,253
8303,252
8304,253
8305,253
8306,254
8307,254
8308,253
8309,254
8310,254
8311,254
8312,254
8313,253
8314,255
8315,254
8316,254
8317,253
8318,254
8319,254
8320,254
8321,254
8322,253
8323,255
8324,255
8325,255
8326,254
8327,255
8328,255
8329,255
8330,255
8331,254
8332,255
8333,254
8334,255
8335,255
8336,255
8337,254
8338,255
8339,254
8340,255
8341,254
8342,255
8343,255
8344,255
8345,255
8346,254
8347,255
8348,255
8349,255
8350,255
8351,255
8352,255
8353,255
8354,255
8355,255
8356,255
8357,255
8358,254
8359,255
8360,255
8361,255
8362,255
8363,255
8364,254
8365,255
8366,255
8367,254
8368,255
8369,255
8370,255
8371,255
8372,255
8373,254
8374,255
8375,255
8376,255
8377,255
8378,255
8379,255
8380,255
8381,255
8382,255
8383,255
8384,255
8385,255
8386,255
8387,255
8388,255
8389,255
8390,255
8391,255
8392,255
8393,254
8394,255
8395,255
8396,254
8397,255
8398,255
8399,255
8400,255
8401,255
8402,255
8403,255
8404,255
8405,255
8406,255
8407,255
8408,255
8409,254
8410,255
8411,255
8412,255
8413,255
8414,255
8415,255
8416,255
8417,255
8418,255
8419,255
8420,255
8421,255
8422,255
8423,254
8424,255
8425,255
8426,255
8427,255
8428,254
8429,255
8430,254
8431,255
8432,255
8433,255
8434,255
8435,255
8436,255
8437,255
8438,255
8439,255
8440,255
8441,255
8442,255
8443,255
8444,255
8445,255
8446,255
8447,255
8448,255
8449,255
8450,255
8451,255
8452,255
8453,255
8454,255
8455,255
8456,255
8457,255
8458,255
8459,254
8460,255
8461,255
8462,255
8463,255
8464,255
8465,255
8466,255
8467,255
8468,255
8469,254
8470,255
8471,255
8472,255
8473,255
8474,255
8475,254
8476,255
8477,255
8478,255
8479,255
8480,255
8481,255
8482,255
8483,255
8484,255
8485,255
8486,255
8487,255
8488,255
8489,255
8490,255
8491,255
8492,255
8493,255
8494,255
8495,255
8496,255
8497,255
8498,255
8499,255
8500,255
8501,254
8502,255
8503,255
8504,255
8505,255
8506,255
8507,255
8508,255
8509,255
8510,255
8511,255
8512,255
8513,255
8514,255
8515,255
8516,255
8517,255
8518,255
8519,255
8520,255
8521,255
8522,255
8523,255
8524,255
8525,255
8526,254
8527,255
8528,255
8529,255
8530,255
8531,255
8532,255
8533,255
8534,255
8535,255
8536,255
8537,254
8538,255
8539,255
8540,255
8541,255
8542,255
8543,255
8544,255
8545,255
8546,255
8547,255
8548,255
8549,255
8550,255
8551,255
8552,255
8553,255
8554,255
8555,255
8556,255
8557,255
8558,255
8559,255
8560,255
8561,254
8562,255
8563,255
8564,255
8565,255
8566,255
8567,255
8568,255
8569,255
8570,255
8571,255
8572,254
8573,255
8574,255
8575,254
8576,255
8577,255
8578,255
8579,255
8580,255
8581,254
8582,255
8583,255
8584,255
8585,255
8586,255
8587,255
8588,255
8589,255
8590,255
8591,255
8592,255
8593,255
8594,255
8595,255
8596,255
8597,255
8598,255
8599,255
8600,255
8601,254
8602,254
8603,255
8604,255
8605,255
8606,254
8607,255
8608,255
8609,255
8610,255
8611,254
8612,255
8613,255
8614,255
8615,255
8616,255
8617,255
8618,255
8619,255
8620,254
8621,255
8622,255
8623,255
8624,254
8625,255
8626,255
8627,255
8628,255
8629,255
8630,255
8631,255
8632,255
8633,255
8634,255
8635,255
8636,255
8637,255
8638,255
8639,255
8640,255
8641,255
8642,255
8643,255
8644,255
8645,255
8646,254
8647,255
8648,255
8649,255
8650,255
8651,255
8652,255
8653,255
8654,254
8655,255
8656,255
8657,254
8658,255
8659,255
8660,255
8661,255
8662,255
8663,255
8664,255
8665,255
8666,255
8667,255
8668,255
8669,255
8670,255
8671,255
8672,255
8673,255
8674,255
8675,255
8676,255
8677,255
8678,255
8679,255
8680,255
8681,255
8682,255
8683,255
8684,255
8685,255
8686,255
8687,255
8688,255
8689,255
8690,255
8691,255
8692,255
8693,255
8694,254
8695,255
8696,255
8697,255
8698,255
8699,255
8700,255
8701,255
8702,254
8703,255
8704,253
8705,243
8706,233
8707,223
8708,213
8709,205
8710,196
8711,188
8712,181
8713,174
8714,166
8715,160
8716,153
8717,147
8718,140
8719,134
8720,127
8721,124
8722,118
8723,113
8724,109
8725,105
8726,100
8727,96
8728,92
8729,89
8730,84
8731,81
8732,78
8733,75
8734,71
8735,69
8736,64
8737,63
8738,61
8739,58
8740,55
8741,53
8742,52
8743,49
8744,47
8745,44
8746,43
8747,41
8748,40
8749,37
8750,36
8751,36
8752,33
8753,31
8754,31
8755,30
8756,28
8757,27
8758,26
8759,24
8760,24
8761,23
8762,22
8763,21
8764,19
8765,19
8766,18
8767,17
8768,17
8769,16
8770,15
8771,14
8772,13
8773,14
8774,14
8775,12
8776,12
8777,12
8778,11
8779,10
8780,10
8781,10
8782,9
8783,9
8784,8
8785,8
8786,7
8787,8
8788,7
8789,7
8790,7
8791,6
8792,6
8793,5
8794,5
8795,5
8796,6
8797,5
8798,5
8799,4
8800,5
8801,4
8802,3
8803,4
8804,4
8805,3
8806,3
8807,3
8808,3
8809,2
8810,3
8811,3
8812,2
8813,2
8814,2
8815,2
8816,1
8817,2
8818,1
8819,2
8820,2
8821,1
8822,2
8823,1
8824,1
8825,1
8826,2
8827,1
8828,1
8829,1
8830,0
8831,0
8832,0
8833,1
8834,1
8835,0
8836,0
8837,0
8838,0
8839,0
8840,1
8841,0
8842,0
8843,0
8844,1
8845,0
8846,1
8847,1
8848,0
8849,0
8850,1
8851,0
8852,0
8853,1
8854,0
8855,0
8856,0
8857,0
8858,0
8859,0
8860,0
8861,0
8862,0
8863,0
8864,0
8865,0
8866,1
8867,0
8868,0
8869,0
8870,0
8871,0
8872,0
8873,0
8874,0
8875,0
8876,0
8877,0
8878,0
8879,0
8880,0
8881,0
8882,0
8883,0
8884,0
8885,0
8886,0
8887,0
8888,0
8889,0
8890,0
8891,0
8892,0
8893,0
8894,0
8895,0
8896,0
8897,0
8898,0
8899,0
8900,0
8901,0
8902,0
8903,0
8904,0
8905,0
8906,0
8907,0
8908,0
8909,1
8910,0
8911,0
8912,0
8913,0
8914,0
8915,0
8916,0
8917,0
8918,0
8919,0
8920,0
8921,0
8922,0
8923,0
8924,0
8925,0
8926,0
8927,0
8928,0
8929,0
8930,0
8931,0
8932,0
8933,0
8934,0
8935,0
8936,0
8937,0
8938,0
8939,0
8940,0
8941,0
8942,0
8943,1
8944,0
8945,0
8946,0
8947,0
8948,0
8949,0
8950,0
8951,0
8952,0
8953,0
8954,0
8955,0
8956,0
8957,0
8958,0
8959,0
8960,0
8961,0
8962,0
8963,0
8964,0
8965,0
8966,0
8967,0
8968,0
8969,0
8970,0
8971,0
8972,0
8973,0
8974,0
8975,0
8976,0
8977,0
8978,0
8979,0
8980,0
8981,0
8982,0
8983,0
8984,0
8985,0
8986,0
8987,0
8988,0
8989,0
8990,0
8991,0
8992,0
8993,0
8994,0
8995,0
8996,0
8997,0
8998,0
8999,0
9000,0
9001,0
9002,0
9003,0
9004,0
9005,0
9006,0
9007,0
9008,0
9009,0
9010,0
9011,0
9012,0
9013,0
9014,0
9015,0
9016,0
9017,0
9018,0
9019,0
9020,0
9021,0
9022,0
9023,0
9024,0
9025,0
9026,0
9027,0
9028,0
9029,0
9030,0
9031,0
9032,0
9033,0
9034,0
9035,0
9036,0
9037,0
9038,0
9039,0
9040,0
9041,0
9042,0
9043,0
9044,0
9045,0
9046,0
9047,0
9048,0
9049,1
9050,0
9051,0
9052,0
9053,0
9054,0
9055,0
9056,0
9057,0
9058,0
9059,0
9060,0
9061,0
9062,0
9063,0
9064,0
9065,0
9066,0
9067,0
9068,0
9069,0
9070,0
9071,0
9072,0
9073,0
9074,0
9075,0
9076,0
9077,0
9078,1
9079,0
9080,0
9081,0
9082,0
9083,0
9084,0
9085,0
9086,0
9087,0
9088,0
9089,1
9090,0
9091,0
9092,0
9093,0
9094,0
9095,0
9096,0
9097,0
9098,0
9099,0
9100,0
9101,0
9102,0
9103,0
9104,0
9105,0
9106,0
9107,0
9108,0
9109,0
9110,0
9111,0
9112,0
9113,0
9114,0
9115,0
9116,0
9117,0
9118,0
9119,0
9120,0
9121,0
9122,0
9123,0
9124,0
9125,0
9126,0
9127,0
9128,0
9129,0
9130,0
9131,0
9132,0
9133,0
9134,0
9135,0
9136,0
9137,0
9138,0
9139,0
9140,0
9141,0
9142,0
9143,0
9144,0
9145,0
9146,1
9147,0
9148,0
9149,0
9150,0
9151,0
9152,0
9153,0
9154,0
9155,0
9156,0
9157,0
9158,0
9159,0
9160,0
9161,0
9162,1
9163,0
9164,0
9165,0
9166,0
9167,0
9168,0
9169,0
9170,0
9171,0
9172,0
9173,0
9174,0
9175,0
9176,0
9177,0
9178,0
9179,0
9180,0
9181,0
9182,0
9183,0
9184,0
9185,0
9186,0
9187,0
9188,0
9189,0
9190,0
9191,0
9192,0
9193,0
9194,0
9195,0
9196,0
9197,0
9198,0
9199,0
9200,0
9201,0
9202,0
9203,0
9204,0
9205,0
9206,0
9207,0
9208,0
9209,0
9210,0
9211,0
9212,0
9213,0
9214,0
9215,0
9216,3
9217,12
9218,23
9219,33
9220,42
9221,51
9222,59
9223,67
9224,75
9225,83
9226,90
9227,98
9228,105
9229,111
9230,116
9231,123
9232,128
9233,134
9234,139
9235,143
9236,148
9237,153
9238,157
9239,161
9240,166
9241,169
9242,173
9243,175
9244,179
9245,182
9246,186
9247,188
9248,191
9249,193
9250,197
9251,199
9252,202
9253,203
9254,206
9255,208
9256,210
9257,212
9258,214
9259,215
9260,217
9261,219
9262,220
9263,223
9264,223
9265,225
9266,226
9267,228
9268,228
9269,229
9270,231
9271,231
9272,232
9273,234
9274,233
9275,235
9276,236
9277,236
9278,237
9279,238
9280,239
9281,239
9282,240
9283,241
9284,242
9285,242
9286,243
9287,243
9288,244
9289,244
9290,245
9291,245
9292,245
9293,247
9294,247
9295,247
9296,247
9297,247
9298,248
9299,248
9300,249
9301,248
9302,250
9303,249
9304,251
9305,250
9306,250
9307,250
9308,250
9309,250
9310,250
9311,251
9312,251
9313,251
9314,250
9315,251
9316,252
9317,252
9318,253
9319,253
9320,252
9321,252
9322,253
9323,253
9324,253
9325,252
9326,252
9327,253
9328,254
9329,253
9330,253
9331,254
9332,253
9333,254
9334,254
9335,254
9336,254
9337,254
9338,254
9339,254
9340,254
9341,254
9342,254
9343,254
9344,254
9345,255
9346,255
9347,253
9348,255
9349,254
9350,255
9351,254
9352,255
9353,255
9354,254
9355,255
9356,255
9357,254
9358,254
9359,254
9360,255
9361,255
9362,255
9363,255
9364,254
9365,255
9366,254
9367,255
9368,255
9369,255
9370,255
9371,255
9372,254
9373,255
9374,255
9375,255
9376,255
9377,255
9378,254
9379,255
9380,255
9381,255
9382,254
9383,255
9384,255
9385,255
9386,255
9387,255
9388,255
9389,255
9390,254
9391,255
9392,255
9393,255
9394,254
9395,255
9396,255
9397,255
9398,255
9399,255
9400,255
9401,255
9402,255
9403,255
9404,255
9405,255
9406,255
9407,255
9408,254
9409,255
9410,255
9411,255
9412,255
9413,255
9414,255
9415,255
9416,255
9417,255
9418,255
9419,254
9420,255
9421,255
9422,255
9423,255
9424,255
9425,255
9426,255
9427,255
9428,255
9429,255
9430,255
9431,255
9432,255
9433,255
9434,255
9435,255
9436,255
9437,255
9438,255
9439,255
9440,255
9441,255
9442,254
9443,255
9444,255
9445,255
9446,255
9447,254
9448,255
9449,255
9450,255
9451,255
9452,255
9453,255
9454,254
9455,255
9456,255
9457,255
9458,255
9459,255
9460,255
9461,255
9462,255
9463,255
9464,255
9465,255
9466,254
9467,255
9468,255
9469,255
9470,255
9471,255
9472,255
9473,255
9474,255
9475,255
9476,255
9477,255
9478,255
9479,255
9480,255
9481,255
9482,255
9483,255
9484,255
9485,255
9486,255
9487,255
9488,255
9489,255
9490,255
9491,255
9492,255
9493,255
9494,255
9495,255
9496,255
9497,255
9498,255
9499,255
9500,255
9501,255
9502,255
9503,254
9504,255
9505,255
9506,255
9507,255
9508,255
9509,255
9510,255
9511,255
9512,255
9513,255
9514,255
9515,255
9516,255
9517,255
9518,255
9519,255
9520,255
9521,255
9522,255
9523,255
9524,255
9525,255
9526,255
9527,255
9528,255
9529,255
9530,255
9531,254
9532,255
9533,255
9534,255
9535,255
9536,255
9537,255
9538,255
9539,255
9540,255
9541,255
9542,255
9543,255
9544,255
9545,255
9546,254
9547,255
9548,255
9549,255
9550,255
9551,255
9552,255
9553,255
9554,255
9555,255
9556,255
9557,255
9558,255
9559,255
9560,255
9561,255
9562,255
9563,254
9564,255
9565,255
9566,255
9567,255
9568,255
9569,255
9570,254
9571,255
9572,255
9573,255
9574,255
9575,255
9576,255
9577,255
9578,255
9579,255
9580,255
9581,255
9582,255
9583,255
9584,255
9585,255
9586,255
9587,255
9588,255
9589,255
9590,255
9591,254
9592,254
9593,255
9594,255
9595,255
9596,255
9597,254
9598,255
9599,255
9600,255
9601,255
9602,255
9603,255
9604,255
9605,255
9606,255
9607,255
9608,255
9609,255
9610,255
9611,255
9612,255
9613,255
9614,255
9615,254
9616,255
9617,255
9618,255
9619,255
9620,255
9621,255
9622,254
9623,254
9624,255
9625,254
9626,254
9627,255
9628,255
9629,255
9630,255
9631,255
9632,255
9633,255
9634,255
9635,255
9636,255
9637,255
9638,255
9639,255
9640,255
9641,255
9642,255
9643,255
9644,255
9645,255
9646,255
9647,255
9648,255
9649,255
9650,255
9651,254
9652,255
9653,255
9654,255
9655,255
9656,255
9657,255
9658,255
9659,255
9660,255
9661,255
9662,255
9663,255
9664,255
9665,255
9666,255
9667,255
9668,255
9669,255
9670,255
9671,254
9672,255
9673,255
9674,255
9675,255
9676,255
9677,254
9678,254
9679,255
9680,255
9681,255
9682,255
9683,255
9684,255
9685,255
9686,255
9687,255
9688,255
9689,255
9690,255
9691,255
9692,255
9693,255
9694,255
9695,255
9696,255
9697,255
9698,255
9699,255
9700,255
9701,255
9702,255
9703,255
9704,255
9705,255
9706,255
9707,255
9708,255
9709,255
9710,255
9711,255
9712,255
9713,254
9714,255
9715,255
9716,255
9717,255
9718,255
9719,255
9720,255
9721,255
9722,255
9723,255
9724,255
9725,255
9726,255
9727,255
9728,253
9729,243
9730,232
9731,223
9732,214
9733,205
9734,196
9735,188
9736,181
9737,173
9738,166
9739,159
9740,153
9741,147
9742,141
9743,134
9744,130
9745,124
9746,119
9747,114
9748,109
9749,104
9750,101
9751,96
9752,92
9753,88
9754,85
9755,81
9756,78
9757,74
9758,71
9759,69
9760,66
9761,63
9762,60
9763,58
9764,56
9765,52
9766,51
9767,49
9768,47
9769,45
9770,42
9771,42
9772,40
9773,38
9774,37
9775,35
9776,33
9777,32
9778,31
9779,28
9780,28
9781,28
9782,26
9783,24
9784,23
9785,22
9786,22
9787,20
9788,20
9789,19
9790,18
9791,17
9792,17
9793,16
9794,15
9795,15
9796,14
9797,14
9798,13
9799,12
9800,12
9801,12
9802,11
9803,10
9804,10
9805,9
9806,9
9807,9
9808,8
9809,8
9810,7
9811,7
9812,8
9813,7
9814,7
9815,6
9816,6
9817,6
9818,5
9819,4
9820,6
9821,5
9822,4
9823,5
9824,4
9825,4
9826,3
9827,4
9828,3
9829,3
9830,3
9831,3
9832,4
9833,2
9834,3
9835,2
9836,2
9837,3
9838,2
9839,2
9840,2
9841,1
9842,1
9843,2
9844,1
9845,1
9846,0
9847,0
9848,2
9849,1
9850,1
9851,1
9852,0
9853,0
9854,1
9855,1
9856,1
9857,0
9858,1
9859,1
9860,0
9861,0
9862,0
9863,0
9864,0
9865,0
9866,0
9867,0
9868,0
9869,0
9870,1
9871,0
9872,0
9873,0
9874,0
9875,0
9876,0
9877,0
9878,0
9879,0
9880,0
9881,0
9882,0
9883,0
9884,0
9885,0
9886,0
9887,0
9888,0
9889,0
9890,0
9891,0
9892,0
9893,0
9894,0
9895,0
9896,1
9897,0
9898,0
9899,0
9900,0
9901,0
9902,0
9903,0
9904,0
9905,0
9906,1
9907,0
9908,0
9909,0
9910,0
9911,0
9912,0
9913,0
9914,1
9915,0
9916,0
9917,0
9918,0
9919,0
9920,0
9921,0
9922,0
9923,0
9924,0
9925,0
9926,0
9927,0
9928,0
9929,0
9930,0
9931,0
9932,0
9933,0
9934,0
9935,0
9936,0
9937,0
9938,0
9939,0
9940,0
9941,0
9942,0
9943,0
9944,0
9945,0
9946,0
9947,0
9948,0
9949,0
9950,0
9951,0
9952,0
9953,1
9954,0
9955,0
9956,0
9957,0
9958,0
9959,0
9960,0
9961,0
9962,0
9963,0
9964,0
9965,0
9966,0
9967,0
9968,0
9969,0
9970,0
9971,0
9972,0
9973,0
9974,0
9975,1
9976,0
9977,0
9978,0
9979,0
9980,0
9981,0
9982,0
9983,0
9984,0
9985,0
9986,0
9987,0
9988,0
9989,0
9990,0
9991,0
9992,0
9993,0
9994,0
9995,0
9996,0
9997,0
9998,0
9999,0
10000,0
10001,0
10002,0
10003,0
10004,0
10005,0
10006,0
10007,0
10008,0
10009,0
10010,0
10011,0
10012,0
10013,0
10014,0
10015,0
10016,0
10017,0
10018,0
10019,0
10020,0
10021,0
10022,0
10023,0
10024,0
10025,0
10026,0
10027,0
10028,0
10029,0
10030,0
10031,0
10032,0
10033,0
10034,0
10035,0
10036,0
10037,0
10038,0
10039,0
10040,0
10041,0
10042,0
10043,0
10044,0
10045,0
10046,0
10047,0
10048,0
10049,0
10050,0
10051,0
10052,0
10053,0
10054,0
10055,0
10056,0
10057,0
10058,1
10059,0
10060,0
10061,0
10062,0
10063,0
10064,0
10065,0
10066,0
10067,0
10068,0
10069,0
10070,0
10071,0
10072,0
10073,0
10074,0
10075,0
10076,0
10077,0
10078,0
10079,0
10080,0
10081,0
10082,0
10083,0
10084,0
10085,0
10086,0
10087,0
10088,0
10089,0
10090,0
10091,0
10092,0
10093,0
10094,0
10095,0
10096,0
10097,0
10098,0
10099,0
10100,0
10101,0
10102,0
10103,0
10104,0
10105,0
10106,0
10107,0
10108,0
10109,0
10110,0
10111,0
10112,0
10113,0
10114,0
10115,0
10116,0
10117,0
10118,0
10119,0
10120,0
10121,0
10122,0
10123,0
10124,0
10125,0
10126,0
10127,0
10128,0
10129,0
10130,0
10131,0
10132,0
10133,0
10134,0
10135,0
10136,0
10137,1
10138,0
10139,0
10140,0
10141,0
10142,0
10143,0
10144,0
10145,0
10146,0
10147,0
10148,0
10149,0
10150,1
10151,0
10152,0
10153,0
10154,1
10155,0
10156,0
10157,0
10158,0
10159,0
10160,0
10161,0
10162,0
10163,0
10164,0
10165,0
10166,0
10167,0
10168,0
10169,0
10170,0
10171,0
10172,0
10173,0
10174,1
10175,0
10176,0
10177,0
10178,0
10179,0
10180,0
10181,0
10182,0
10183,0
10184,0
10185,0
10186,0
10187,0
10188,0
10189,0
10190,0
10191,0
10192,0
10193,0
10194,0
10195,0
10196,0
10197,0
10198,0
10199,0
10200,0
10201,0
10202,0
10203,0
10204,0
10205,0
10206,0
10207,0
10208,0
10209,0
10210,0
10211,0
10212,0
10213,0
10214,0
10215,0
10216,0
10217,0
10218,0
10219,0
10220,0
10221,1
10222,0
10223,0
10224,0
10225,0
10226,0
10227,0
10228,0
10229,0
10230,0
10231,0
10232,0
10233,0
10234,0
10235,1
10236,0
10237,0
10238,0
10239,0
10240,3
10241,13
10242,23
10243,34
10244,41
10245,52
10246,60
10247,68
10248,76
10249,84
10250,92
10251,98
10252,104
10253,110
10254,118
10255,123
10256,129
10257,134
10258,139
10259,144
10260,148
10261,152
10262,156
10263,162
10264,164
10265,169
10266,173
10267,176
10268,179
10269,182
10270,185
10271,188
10272,191
10273,194
10274,196
10275,199
10276,201
10277,203
10278,206
10279,209
10280,210
10281,212
10282,214
10283,215
10284,217
10285,219
10286,221
10287,222
10288,224
10289,225
10290,226
10291,227
10292,229
10293,229
10294,230
10295,231
10296,232
10297,234
10298,236
10299,235
10300,236
10301,237
10302,237
10303,239
10304,240
10305,240
10306,240
10307,241
10308,242
10309,243
10310,244
10311,243
10312,244
10313,244
10314,245
10315,245
10316,246
10317,246
10318,246
10319,247
10320,247
10321,248
10322,247
10323,248
10324,249
10325,248
10326,248
10327,249
10328,250
10329,251
10330,249
10331,250
10332,250
10333,252
10334,251
10335,252
10336,252
10337,251
10338,252
10339,252
10340,252
10341,251
10342,252
10343,253
10344,252
10345,253
10346,253
10347,252
10348,253
10349,253
10350,253
10351,253
10352,253
10353,253
10354,253
10355,254
10356,253
10357,253
10358,254
10359,254
10360,253
10361,254
10362,253
10363,253
10364,254
10365,254
10366,254
10367,253
10368,254
10369,254
10370,254
10371,254
10372,255
10373,254
10374,254
10375,255
10376,255
10377,254
10378,254
10379,255
10380,254
10381,255
10382,254
10383,255
10384,255
10385,255
10386,255
10387,255
10388,255
10389,255
10390,254
10391,255
10392,254
10393,254
10394,255
10395,255
10396,254
10397,255
10398,255
10399,255
10400,254
10401,255
10402,255
10403,254
10404,255
10405,255
10406,254
10407,255
10408,255
10409,255
10410,255
10411,255
10412,255
10413,255
10414,255
10415,255
10416,255
10417,255
10418,255
10419,255
10420,255
10421,255
10422,255
10423,255
10424,255
10425,255
10426,255
10427,255
10428,255
10429,255
10430,255
10431,255
10432,254
10433,254
10434,255
10435,255
10436,255
10437,255
10438,254
10439,255
10440,255
10441,254
10442,255
10443,255
10444,255
10445,255
10446,255
10447,255
10448,255
10449,255
10450,255
10451,255
10452,255
10453,255
10454,255
10455,255
10456,255
10457,255
10458,255
10459,255
10460,255
10461,255
10462,255
10463,255
10464,255
10465,255
10466,255
10467,255
10468,255
10469,255
10470,255
10471,255
10472,255
10473,255
10474,255
10475,255
10476,255
10477,255
10478,255
10479,255
10480,255
10481,255
10482,254
10483,255
10484,255
10485,254
10486,255
10487,255
10488,255
10489,255
10490,255
10491,255
10492,255
10493,255
10494,255
10495,255
10496,255
10497,255
10498,255
10499,255
10500,255
10501,255
10502,254
10503,255
10504,255
10505,255
10506,255
10507,255
10508,255
10509,255
10510,255
10511,255
10512,254
10513,254
10514,255
10515,255
10516,255
10517,255
10518,255
10519,254
10520,255
10521,255
10522,255
10523,254
10524,255
10525,254
10526,255
10527,255
10528,255
10529,255
10530,254
10531,255
10532,255
10533,255
10534,255
10535,255
10536,255
10537,255
10538,255
10539,254
10540,255
10541,255
10542,255
10543,255
10544,255
10545,255
10546,255
10547,255
10548,255
10549,255
10550,255
10551,254
10552,255
10553,255
10554,255
10555,255
10556,255
10557,255
10558,255
10559,255
10560,255
10561,255
10562,255
10563,255
10564,255
10565,255
10566,255
10567,255
10568,255
10569,254
10570,255
10571,255
10572,255
10573,255
10574,255
10575,255
10576,255
10577,255
10578,255
10579,255
10580,255
10581,255
10582,255
10583,254
10584,255
10585,255
10586,255
10587,255
10588,255
10589,255
10590,255
10591,255
10592,255
10593,255
10594,255
10595,255
10596,254
10597,255
10598,255
10599,255
10600,255
10601,255
10602,255
10603,255
10604,255
10605,255
10606,255
10607,255
10608,255
10609,255
10610,255
10611,255
10612,255
10613,255
10614,254
10615,255
10616,255
10617,255
10618,255
10619,255
10620,255
10621,255
10622,255
10623,255
10624,255
10625,255
10626,255
10627,255
10628,255
10629,255
10630,255
10631,255
10632,255
10633,255
10634,255
10635,255
10636,255
10637,255
10638,255
10639,255
10640,255
10641,255
10642,255
10643,255
10644,255
10645,255
10646,255
10647,255
10648,255
10649,255
10650,255
10651,255
10652,255
10653,255
10654,255
10655,255
10656,255
10657,255
10658,255
10659,255
10660,255
10661,255
10662,254
10663,255
10664,255
10665,255
10666,255
10667,255
10668,255
10669,255
10670,255
10671,255
10672,255
10673,255
10674,255
10675,255
10676,255
10677,255
10678,255
10679,255
10680,255
10681,255
10682,255
10683,255
10684,255
10685,255
10686,255
10687,255
10688,255
10689,255
10690,255
10691,255
10692,255
10693,255
10694,255
10695,255
10696,255
10697,255
10698,255
10699,255
10700,255
10701,255
10702,255
10703,255
10704,255
10705,255
10706,255
10707,255
10708,255
10709,255
10710,255
10711,254
10712,254
10713,255
10714,255
10715,255
10716,255
10717,254
10718,255
10719,255
10720,255
10721,255
10722,255
10723,255
10724,255
10725,255
10726,255
10727,255
10728,255
10729,254
10730,255
10731,255
10732,255
10733,255
10734,255
10735,255
10736,255
10737,255
10738,255
10739,255
10740,255
10741,255
10742,254
10743,254
10744,255
10745,255
10746,255
10747,255
10748,255
10749,255
10750,255
10751,255
10752,254
10753,244
10754,233
10755,223
10756,214
10757,204
10758,196
10759,189
10760,181
10761,173
10762,167
10763,160
10764,153
10765,146
10766,141
10767,135
10768,129
10769,123
10770,119
10771,114
10772,109
10773,105
10774,100
10775,96
10776,92
10777,88
10778,84
10779,80
10780,78
10781,75
10782,71
10783,68
10784,65
10785,63
10786,61
10787,58
10788,56
10789,53
10790,51
10791,49
10792,47
10793,45
10794,43
10795,41
10796,39
10797,37
10798,36
10799,34
10800,33
10801,32
10802,31
10803,30
10804,28
10805,27
10806,25
10807,24
10808,25
10809,23
10810,22
10811,20
10812,21
10813,19
10814,18
10815,17
10816,17
10817,16
10818,15
10819,15
10820,13
10821,14
10822,12
10823,13
10824,12
10825,12
10826,11
10827,10
10828,10
10829,9
10830,9
10831,9
10832,9
10833,8
10834,7
10835,8
10836,6
10837,6
10838,6
10839,7
10840,7
10841,5
10842,6
10843,5
10844,5
10845,5
10846,4
10847,5
10848,3
10849,3
10850,4
10851,4
10852,3
10853,4
10854,3
10855,2
10856,3
10857,2
10858,3
10859,2
10860,2
10861,2
10862,3
10863,2
10864,2
10865,2
10866,1
10867,2
10868,1
10869,1
10870,1
10871,0
10872,0
10873,1
10874,1
10875,1
10876,1
10877,1
10878,1
10879,1
10880,1
10881,0
10882,1
10883,0
10884,0
10885,0
10886,1
10887,0
10888,1
10889,0
10890,0
10891,1
10892,0
10893,0
10894,1
10895,0
10896,0
10897,1
10898,0
10899,0
10900,0
10901,0
10902,0
10903,1
10904,1
10905,0
10906,0
10907,0
10908,0
10909,0
10910,0
10911,0
10912,0
10913,0
10914,0
10915,0
10916,0
10917,0
10918,0
10919,0
10920,0
10921,0
10922,0
10923,0
10924,0
10925,0
10926,0
10927,0
10928,0
10929,0
10930,0
10931,0
10932,0
10933,0
10934,0
10935,0
10936,0
10937,0
10938,0
10939,0
10940,0
10941,0
10942,0
10943,0
10944,0
10945,0
10946,0
10947,0
10948,0
10949,0
10950,0
10951,0
10952,0
10953,0
10954,0
10955,0
10956,0
10957,0
10958,0
10959,0
10960,0
10961,0
10962,0
10963,1
10964,0
10965,0
10966,0
10967,0
10968,0
10969,0
10970,0
10971,0
10972,0
10973,0
10974,0
10975,0
10976,0
10977,0
10978,0
10979,0
10980,0
10981,0
10982,0
10983,0
10984,0
10985,0
10986,0
10987,0
10988,0
10989,0
10990,0
10991,0
10992,0
10993,0
10994,0
10995,1
10996,0
10997,0
10998,0
10999,0
11000,0
11001,0
11002,0
11003,0
11004,0
11005,0
11006,1
11007,0
11008,0
11009,0
11010,0
11011,0
11012,0
11013,0
11014,0
11015,0
11016,0
11017,0
11018,0
11019,0
11020,0
11021,0
11022,0
11023,0
11024,0
11025,1
11026,0
11027,0
11028,0
11029,0
11030,0
11031,0
11032,0
11033,0
11034,0
11035,0
11036,0
11037,0
11038,0
11039,0
11040,0
11041,0
11042,0
11043,0
11044,0
11045,0
11046,0
11047,0
11048,0
11049,0
11050,0
11051,0
11052,0
11053,0
11054,0
11055,0
11056,0
11057,0
11058,0
11059,0
11060,0
11061,0
11062,0
11063,0
11064,0
11065,0
11066,0
11067,0
11068,0
11069,0
11070,0
11071,0
11072,0
11073,0
11074,0
11075,0
11076,0
11077,0
11078,0
11079,0
11080,0
11081,0
11082,0
11083,0
11084,0
11085,0
11086,0
11087,0
11088,0
11089,0
11090,0
11091,0
11092,0
11093,0
11094,0
11095,0
11096,0
11097,0
11098,0
11099,0
11100,0
11101,0
11102,0
11103,0
11104,0
11105,0
11106,0
11107,0
11108,0
11109,0
11110,0
11111,0
11112,0
11113,0
11114,0
11115,0
11116,0
11117,0
11118,0
11119,0
11120,0
11121,0
11122,0
11123,0
11124,0
11125,0
11126,0
11127,0
11128,0
11129,0
11130,0
11131,1
11132,0
11133,0
11134,0
11135,0
11136,0
11137,0
11138,0
11139,0
11140,0
11141,0
11142,0
11143,0
11144,0
11145,0
11146,0
11147,0
11148,0
11149,0
11150,0
11151,0
11152,0
11153,0
11154,0
11155,0
11156,0
11157,0
11158,0
11159,0
11160,0
11161,0
11162,0
11163,0
11164,0
11165,0
11166,0
11167,0
11168,0
11169,0
11170,1
11171,0
11172,0
11173,0
11174,0
11175,0
11176,0
11177,0
11178,0
11179,0
11180,0
11181,0
11182,0
11183,0
11184,0
11185,0
11186,0
11187,0
11188,0
11189,0
11190,0
11191,0
11192,0
11193,0
11194,0
11195,0
11196,0
11197,0
11198,0
11199,0
11200,0
11201,0
11202,0
11203,0
11204,0
11205,0
11206,0
11207,0
11208,0
11209,0
11210,0
11211,0
11212,0
11213,0
11214,0
11215,0
11216,0
11217,0
11218,0
11219,0
11220,0
11221,0
11222,0
11223,0
11224,0
11225,0
11226,0
11227,0
11228,0
11229,0
11230,0
11231,0
11232,0
11233,0
11234,0
11235,0
11236,0
11237,0
11238,0
11239,0
11240,0
11241,1
11242,0
11243,0
11244,0
11245,0
11246,0
11247,0
11248,0
11249,0
11250,0
11251,0
11252,0
11253,0
11254,0
11255,0
11256,0
11257,0
11258,0
11259,0
11260,0
11261,0
11262,0
11263,0
